"Time";"SecL";"RPM";"MAP";"MAPxRPM";"TPS";"AFR";"Lambda";"IAT";"CLT";"Engine";"DFCO";"Gego";"Gair";"Gbattery";"Gwarm";"Gbaro";"Gammae";"Accel Enrich";"VE _Current";"VE1";"VE2";"PW";"PW2";"PW3";"PW4";"AFR Target";"Lambda Target";"Duty Cycle";"Duty Cycle _Staging";"TPS DOT";"Advance _Current";"Dwell";"Dwell _Measured";"Battery V";"rpm/s";"Error #";"Error ID";"Boost PSI";"Boost cut";"Hard Launch";"Hard Limiter";"Idle Control";"IAC value";"Baro Pressure";"Fan";"Sync Loss #";"Loops/s";"Loops/rev";"Aux0";"Aux1";"Aux2";"Aux3";"Aux4";"Aux5";"Aux6";"Aux7";"Aux8";"Aux9";"Aux10";"Aux11";"Aux12";"Aux13";"Aux14";"Aux15";"Advance 1";"Advance 2";"FuelLoad";"IgnitionLoad";"Sync status";"";"Trip Meter Miles";"Odometer Miles";"Vehicle Speed";"Power";"Torque"
"s";"sec";"rpm";"kpa";"";"%";"O2";"";"";"";"bits";"";"%";"%";"";"%";"%";"%";"%";"%";"%";"%";"ms";"ms";"ms";"ms";"O2";"";"";"";"%/s";"deg";"ms";"ms";"V";"rpm/s";"";"";"";"";"";"";"";"Steps";"kpa";"";"";"loops";"";"";"";"";"";"";"";"";"";"";"";"";"";"";"";"";"";"deg";"deg";"kPa";"kPa";"";"bits";"Miles";"Miles";"MPH";"HP";"lbft"
0.000;41;1105;37;40885;0.0;11.800;0.803;26;95;1;0;100;102;100;100;100;102;100;43;43;0;1.365;1.365;0.000;0.000;14.700;1.000;5.0;0.0;0;30;3.000;3.157;13.0;40;0;0;-9.0;0;0;0;0;39;99;0;0;1854;100.67;0;0;0;0;0;0;0;0;0;0;0;0;0;0;0;0;30;0;37.0;37.0;2;0;0.00;0.00;0.00;0.0;0.0
0.016;41;1108;37;40996;0.0;11.800;0.803;26;95;1;0;100;102;100;100;100;102;100;43;43;0;1.365;1.365;0.000;0.000;14.700;1.000;5.0;0.0;0;30;3.000;2.819;13.0;100;0;0;-9.0;0;0;0;0;39;99;0;0;1854;100.40;0;0;0;0;0;0;0;0;0;0;0;0;0;0;0;0;30;0;37.0;37.0;2;0;0.00;0.00;0.00;0.0;0.0
0.074;41;1106;37;40922;0.0;11.800;0.803;26;95;1;0;100;102;100;100;100;102;100;43;43;0;1.365;1.365;0.000;0.000;14.700;1.000;5.0;0.0;0;31;3.000;2.904;13.0;10;0;0;-9.0;0;0;0;0;39;99;0;0;1854;100.58;0;0;0;0;0;0;0;0;0;0;0;0;0;0;0;0;31;0;37.0;37.0;2;0;0.00;0.00;0.00;0.0;0.0
0.074;41;1101;37;40737;0.0;11.800;0.803;26;95;1;0;100;102;100;100;100;102;100;43;43;0;1.365;1.365;0.000;0.000;14.700;1.000;5.0;0.0;0;30;3.000;2.714;13.0;10;0;0;-9.0;0;0;0;0;39;99;0;0;1854;101.04;0;0;0;0;0;0;0;0;0;0;0;0;0;0;0;0;30;0;37.0;37.0;2;0;0.00;0.00;0.00;0.0;0.0
0.140;41;1108;38;42104;0.0;11.900;0.810;26;95;1;0;100;102;100;100;100;102;100;44;44;0;1.387;1.387;0.000;0.000;14.700;1.000;5.1;0.0;0;31;3.000;3.157;13.0;-30;0;0;-8.8;0;0;0;0;39;99;0;0;1854;100.40;0;0;0;0;0;0;0;0;0;0;0;0;0;0;0;0;31;0;38.0;38.0;2;0;0.00;0.00;0.00;0.0;0.0
0.270;41;1123;37;41551;0.0;11.900;0.810;26;95;1;0;100;102;100;100;100;102;100;43;43;0;1.365;1.365;0.000;0.000;14.700;1.000;5.1;0.0;0;31;3.000;3.000;13.0;200;0;0;-9.0;0;0;0;0;39;99;0;0;1854;99.06;0;0;0;0;0;0;0;0;0;0;0;0;0;0;0;0;31;0;37.0;37.0;2;0;0.00;0.00;0.00;0.0;0.0
0.337;41;1114;37;41218;0.0;11.900;0.810;26;95;1;0;100;102;100;100;100;102;100;43;43;0;1.365;1.365;0.000;0.000;14.700;1.000;5.1;0.0;0;31;3.000;2.675;13.0;200;0;0;-9.0;0;0;0;0;39;99;0;0;1854;99.86;0;0;0;0;0;0;0;0;0;0;0;0;0;0;0;0;31;0;37.0;37.0;2;0;0.00;0.00;0.00;0.0;0.0
0.337;41;1115;37;41255;0.0;11.900;0.810;26;95;1;0;100;102;100;100;100;102;100;43;43;0;1.365;1.365;0.000;0.000;14.700;1.000;5.1;0.0;0;31;3.000;2.838;13.0;-20;0;0;-9.0;0;0;0;0;39;99;0;0;1854;99.77;0;0;0;0;0;0;0;0;0;0;0;0;0;0;0;0;31;0;37.0;37.0;2;0;0.00;0.00;0.00;0.0;0.0
0.404;41;1098;37;40626;0.0;11.900;0.810;26;95;1;0;100;102;100;100;100;102;100;43;43;0;1.365;1.365;0.000;0.000;14.700;1.000;5.0;0.0;0;31;3.000;2.965;13.0;-20;0;0;-9.0;0;0;0;0;39;99;0;0;1854;101.31;0;0;0;0;0;0;0;0;0;0;0;0;0;0;0;0;31;0;37.0;37.0;2;0;0.00;0.00;0.00;0.0;0.0
0.469;41;1092;37;40404;0.0;11.900;0.810;26;95;1;0;100;102;100;100;100;102;100;43;43;0;1.365;1.365;0.000;0.000;14.700;1.000;5.0;0.0;0;30;3.000;2.754;13.1;-230;0;0;-9.0;0;0;0;0;39;99;0;0;1854;101.87;0;0;0;0;0;0;0;0;0;0;0;0;0;0;0;0;30;0;37.0;37.0;2;0;0.00;0.00;0.00;0.0;0.0
0.603;41;1102;38;41876;0.0;11.800;0.803;26;95;1;0;100;102;100;100;100;102;100;43;43;0;1.381;1.381;0.000;0.000;14.700;1.000;5.1;0.0;0;30;3.000;2.742;13.1;30;0;0;-8.8;0;0;0;0;39;99;0;0;1854;100.94;0;0;0;0;0;0;0;0;0;0;0;0;0;0;0;0;30;0;38.0;38.0;2;0;0.00;0.00;0.00;0.0;0.0
0.668;41;1101;38;41838;0.0;11.700;0.796;26;95;1;0;100;102;100;100;100;102;100;44;44;0;1.387;1.387;0.000;0.000;14.700;1.000;5.1;0.0;0;31;3.000;3.032;13.1;30;0;0;-8.8;0;0;0;0;39;99;0;0;1854;101.04;0;0;0;0;0;0;0;0;0;0;0;0;0;0;0;0;31;0;38.0;38.0;2;0;0.00;0.00;0.00;0.0;0.0
0.734;41;1118;38;42484;0.0;11.800;0.803;26;95;1;0;100;102;100;100;100;102;100;44;44;0;1.387;1.387;0.000;0.000;14.700;1.000;5.2;0.0;0;30;3.000;2.795;13.1;120;0;0;-8.8;0;0;0;0;39;99;0;0;1854;99.50;0;0;0;0;0;0;0;0;0;0;0;0;0;0;0;0;30;0;38.0;38.0;2;0;0.00;0.00;0.00;0.0;0.0
0.799;42;1119;37;41403;0.0;11.900;0.810;26;95;1;0;100;102;100;100;100;102;100;43;43;0;1.365;1.365;0.000;0.000;14.700;1.000;5.1;0.0;0;30;3.000;2.829;12.8;20;0;0;-9.0;0;0;0;0;39;99;0;0;1857;99.57;0;0;0;0;0;0;0;0;0;0;0;0;0;0;0;0;30;0;37.0;37.0;2;0;0.00;0.00;0.00;0.0;0.0
0.865;42;1113;37;41181;0.0;11.800;0.803;26;95;1;0;100;102;100;100;100;102;100;43;43;0;1.365;1.365;0.000;0.000;14.700;1.000;5.1;0.0;0;30;3.000;2.981;12.8;20;0;0;-9.0;0;0;0;0;39;99;0;0;1857;100.11;0;0;0;0;0;0;0;0;0;0;0;0;0;0;0;0;30;0;37.0;37.0;2;0;0.00;0.00;0.00;0.0;0.0
0.936;42;1124;37;41588;0.0;11.900;0.810;26;95;1;0;100;102;100;100;100;102;100;43;43;0;1.365;1.365;0.000;0.000;14.700;1.000;5.1;0.0;0;30;3.000;2.836;12.8;-20;0;0;-9.0;0;0;0;0;39;99;0;0;1857;99.13;0;0;0;0;0;0;0;0;0;0;0;0;0;0;0;0;30;0;37.0;37.0;2;0;0.00;0.00;0.00;0.0;0.0
1.004;42;1114;37;41218;0.0;11.800;0.803;26;95;1;0;100;102;100;100;100;102;100;43;43;0;1.365;1.365;0.000;0.000;14.700;1.000;5.1;0.0;0;31;3.000;2.641;12.8;0;0;0;-9.0;0;0;0;0;39;99;0;0;1857;100.02;0;0;0;0;0;0;0;0;0;0;0;0;0;0;0;0;31;0;37.0;37.0;2;0;0.00;0.00;0.00;0.0;0.0
1.004;42;1109;37;41033;0.0;11.800;0.803;26;95;1;0;100;102;100;100;100;102;100;43;43;0;1.365;1.365;0.000;0.000;14.700;1.000;5.0;0.0;0;30;3.000;2.915;12.9;0;0;0;-9.0;0;0;0;0;39;99;0;0;1857;100.47;0;0;0;0;0;0;0;0;0;0;0;0;0;0;0;0;30;0;37.0;37.0;2;0;0.00;0.00;0.00;0.0;0.0
1.135;42;1172;98;114856;48.0;11.900;0.810;26;95;17;0;100;102;100;100;100;102;310;72;72;0;7.100;7.100;0.000;0.000;12.800;0.871;27.7;0.0;870;19;3.000;1.455;12.9;-100;0;0;-0.1;0;0;0;0;39;99;0;0;1857;95.07;0;0;0;0;0;0;0;0;0;0;0;0;0;0;0;0;19;0;98.0;98.0;2;0;0.00;0.00;0.00;0.0;0.0
1.202;42;1281;99;126819;70.0;11.800;0.803;26;95;17;0;100;102;100;100;100;102;274;74;74;0;6.380;6.380;0.000;0.000;12.800;0.871;27.2;0.0;180;19;3.000;3.380;12.9;1780;0;0;0.0;0;0;0;0;39;99;0;0;1857;86.98;0;0;0;0;0;0;0;0;0;0;0;0;0;0;0;0;19;0;99.0;99.0;2;0;0.00;0.00;0.00;0.0;0.0
1.265;42;1303;98;127694;56.5;11.700;0.796;26;95;33;0;100;102;100;100;100;102;100;74;74;0;2.613;2.613;0.000;0.000;12.900;0.878;11.3;0.0;-450;20;3.000;2.780;12.9;1780;0;0;-0.1;0;0;0;0;39;99;0;0;1857;85.51;0;0;0;0;0;0;0;0;0;0;0;0;0;0;0;0;20;0;98.0;98.0;2;0;0.00;0.00;0.00;0.0;0.0
1.331;42;1493;74;110482;6.5;13.100;0.891;26;95;33;0;100;102;100;100;100;102;100;65;65;0;2.078;2.078;0.000;0.000;13.600;0.925;10.3;0.0;-660;27;3.000;5.230;13.0;110;0;0;-3.6;0;0;0;0;39;99;0;0;1857;74.63;0;0;0;0;0;0;0;0;0;0;0;0;0;0;0;0;27;0;74.0;74.0;2;0;0.00;0.00;0.00;0.0;0.0
1.397;42;1610;39;62790;0.0;14.100;0.959;26;95;33;0;100;102;100;100;100;102;100;49;49;0;1.442;1.442;0.000;0.000;14.800;1.007;7.7;0.0;-45;32;3.000;3.864;13.0;3190;0;0;-8.7;0;0;0;0;39;99;0;0;1857;69.20;0;0;0;0;0;0;0;0;0;0;0;0;0;0;0;0;32;0;39.0;39.0;2;0;0.00;0.00;0.00;0.0;0.0
1.467;42;1589;93;147777;30.5;18.300;1.245;26;95;17;0;100;102;100;100;100;102;282;74;74;0;6.449;6.449;0.000;0.000;12.800;0.871;34.2;0.0;720;23;3.000;2.087;13.0;3190;0;0;-0.9;0;0;0;0;39;99;0;0;1857;70.12;0;0;0;0;0;0;0;0;0;0;0;0;0;0;0;0;23;0;93.0;93.0;2;0;0.00;0.00;0.00;0.0;0.0
1.532;42;1509;97;146373;55.5;17.900;1.218;26;95;17;0;100;102;100;100;100;102;182;74;74;0;4.386;4.386;0.000;0.000;12.800;0.871;22.1;0.0;150;21;3.000;4.302;13.0;-220;0;0;-0.3;0;0;0;0;39;99;0;0;1857;73.84;0;0;0;0;0;0;0;0;0;0;0;0;0;0;0;0;21;0;97.0;97.0;2;0;0.00;0.00;0.00;0.0;0.0
1.598;42;1840;58;106720;7.0;17.500;1.190;26;95;33;0;100;102;100;100;100;102;100;60;60;0;1.794;1.794;0.000;0.000;14.700;1.000;11.0;0.0;-735;32;3.030;3.972;11.9;2510;0;0;-5.9;0;0;0;0;39;99;0;0;1857;60.55;0;0;0;0;0;0;0;0;0;0;0;0;0;0;0;0;32;0;58.0;58.0;2;0;0.00;0.00;0.00;0.0;0.0
1.667;42;2041;30;61230;0.0;14.400;0.980;26;95;33;0;100;102;100;100;100;102;100;47;47;0;1.334;1.334;0.000;0.000;15.000;1.020;9.1;0.0;-45;36;3.030;2.741;11.9;2510;0;0;-10.0;0;0;0;0;39;99;0;0;1857;54.59;0;0;0;0;0;0;0;0;0;0;0;0;0;0;0;0;36;0;30.0;30.0;2;0;0.00;0.00;0.00;0.0;0.0
1.667;42;1981;85;168385;30.5;14.100;0.959;26;95;17;0;100;102;100;100;100;102;240;72;72;0;5.407;5.407;0.000;0.000;12.900;0.878;35.7;0.0;495;26;3.030;1.948;11.9;2010;0;0;-2.0;0;0;0;0;39;99;0;0;1857;56.24;0;0;0;0;0;0;0;0;0;0;0;0;0;0;0;0;26;0;85.0;85.0;2;0;0.00;0.00;0.00;0.0;0.0
1.803;43;1883;84;158172;36.5;13.900;0.946;26;95;17;0;100;102;100;100;100;102;194;71;71;0;4.382;4.382;0.000;0.000;12.900;0.878;27.5;0.0;-60;26;3.000;4.456;12.3;-1580;0;0;-2.2;0;0;0;0;39;99;0;0;1664;53.02;0;0;0;0;0;0;0;0;0;0;0;0;0;0;0;0;26;0;84.0;84.0;2;0;0.00;0.00;0.00;0.0;0.0
1.868;43;2365;35;82775;1.5;12.600;0.857;26;95;33;0;100;102;100;100;100;102;100;50;50;0;1.405;1.405;0.000;0.000;15.000;1.020;11.1;0.0;-195;36;3.000;3.785;12.3;-1580;0;0;-9.3;0;0;0;0;39;99;0;0;1664;42.22;0;0;0;0;0;0;0;0;0;0;0;0;0;0;0;0;36;0;35.0;35.0;2;0;0.00;0.00;0.00;0.0;0.0
1.934;43;2305;27;62235;3.0;12.900;0.878;26;95;33;0;100;102;100;100;100;102;100;46;46;0;1.296;1.296;0.000;0.000;15.100;1.027;10.0;0.0;90;37;3.000;2.660;12.3;4820;0;0;-10.4;0;0;0;0;39;99;0;0;1664;43.31;0;0;0;0;0;0;0;0;0;0;0;0;0;0;0;0;37;0;27.0;27.0;2;0;0.00;0.00;0.00;0.0;0.0
2.004;43;2187;97;212139;57.0;13.400;0.912;26;95;17;0;100;102;100;100;100;102;252;79;79;0;5.991;5.991;0.000;0.000;12.800;0.871;43.7;0.0;765;24;3.000;3.323;12.3;-1780;0;0;-0.3;0;0;0;0;39;99;0;0;1664;45.65;0;0;0;0;0;0;0;0;0;0;0;0;0;0;0;0;24;0;97.0;97.0;2;0;0.00;0.00;0.00;0.0;0.0
2.069;43;2557;79;202003;44.5;12.800;0.871;26;95;33;0;100;102;100;100;100;102;100;72;72;0;2.267;2.267;0.000;0.000;13.200;0.898;19.3;0.0;-600;30;3.000;4.024;12.6;-1780;0;0;-2.9;0;0;0;0;39;99;0;0;1664;39.05;0;0;0;0;0;0;0;0;0;0;0;0;0;0;0;0;30;0;79.0;79.0;2;0;0.00;0.00;0.00;0.0;0.0
2.136;43;2777;28;77756;2.0;13.000;0.884;26;95;33;0;100;102;100;100;100;102;100;48;48;0;1.314;1.314;0.000;0.000;15.100;1.027;12.2;0.0;-225;39;3.000;2.773;12.6;3700;0;0;-10.3;0;0;0;0;39;99;0;0;1664;35.95;0;0;0;0;0;0;0;0;0;0;0;0;0;0;0;0;39;0;28.0;28.0;2;0;0.00;0.00;0.00;0.0;0.0
2.204;43;2627;21;55167;0.0;13.900;0.946;26;95;33;0;100;102;100;100;100;102;100;42;42;0;1.215;1.215;0.000;0.000;15.100;1.027;10.6;0.0;0;38;3.000;2.567;12.6;700;0;0;-11.3;0;0;0;0;39;99;0;0;1664;38.01;0;0;0;0;0;0;0;0;0;0;0;0;0;0;0;0;38;0;21.0;21.0;2;0;0.00;0.00;0.00;0.0;0.0
2.270;43;2558;20;51160;0.0;14.100;0.959;26;95;33;0;100;102;100;100;100;102;100;41;41;0;1.201;1.201;0.000;0.000;15.100;1.027;10.2;0.0;0;38;3.000;2.757;12.6;700;0;0;-11.5;0;0;0;0;39;99;0;0;1664;39.03;0;0;0;0;0;0;0;0;0;0;0;0;0;0;0;0;38;0;20.0;20.0;2;0;0.00;0.00;0.00;0.0;0.0
2.336;43;2486;20;49720;0.0;14.200;0.966;26;95;33;0;100;102;100;100;100;102;100;41;41;0;1.201;1.201;0.000;0.000;15.100;1.027;10.0;0.0;0;37;3.000;2.748;12.7;-1410;0;0;-11.5;0;0;0;0;39;99;0;0;1664;40.16;0;0;0;0;0;0;0;0;0;0;0;0;0;0;0;0;37;0;20.0;20.0;2;0;0.00;0.00;0.00;0.0;0.0
2.401;43;2341;21;49161;0.0;13.800;0.939;26;95;33;0;100;102;100;100;100;102;100;41;41;0;1.208;1.208;0.000;0.000;15.100;1.027;9.4;0.0;0;37;3.000;2.509;12.7;-1410;0;0;-11.3;0;0;0;0;39;99;0;0;1664;42.65;0;0;0;0;0;0;0;0;0;0;0;0;0;0;0;0;37;0;21.0;21.0;2;0;0.00;0.00;0.00;0.0;0.0
2.466;43;2266;21;47586;0.0;13.500;0.918;26;95;33;0;100;102;100;100;100;102;100;42;42;0;1.215;1.215;0.000;0.000;15.100;1.027;9.2;0.0;0;37;3.000;2.752;12.7;-1450;0;0;-11.3;0;0;0;0;39;99;0;0;1664;44.06;0;0;0;0;0;0;0;0;0;0;0;0;0;0;0;0;37;0;21.0;21.0;2;0;0.00;0.00;0.00;0.0;0.0
2.532;43;2189;96;210144;68.5;13.400;0.912;26;95;17;0;100;102;100;100;100;102;256;78;78;0;6.024;6.024;0.000;0.000;12.800;0.871;44.0;0.0;1470;24;3.000;3.072;12.7;-1520;0;0;-0.4;0;0;0;0;39;99;0;0;1664;45.61;0;0;0;0;0;0;0;0;0;0;0;0;0;0;0;0;24;0;96.0;96.0;2;0;0.00;0.00;0.00;0.0;0.0
2.597;43;2247;98;220206;97.5;13.500;0.918;26;95;17;0;100;102;100;100;100;102;244;80;80;0;5.859;5.859;0.000;0.000;12.700;0.864;43.9;0.0;165;23;3.030;3.783;11.7;-1520;0;0;-0.1;0;0;0;0;39;99;0;0;1664;44.43;0;0;0;0;0;0;0;0;0;0;0;0;0;0;0;0;23;0;98.0;98.0;2;0;0.00;0.00;0.00;0.0;0.0
2.667;43;2601;64;166464;23.5;12.300;0.837;26;95;33;0;100;102;100;100;100;102;100;65;65;0;1.943;1.943;0.000;0.000;14.100;0.959;16.8;0.0;-1530;33;3.030;3.628;11.7;2840;0;0;-5.1;0;0;0;0;39;99;0;0;1664;38.39;0;0;0;0;0;0;0;0;0;0;0;0;0;0;0;0;33;0;64.0;64.0;2;0;0.00;0.00;0.00;0.0;0.0
2.733;43;2806;25;70150;1.0;14.400;0.980;26;95;33;0;100;102;100;100;100;102;100;46;46;0;1.282;1.282;0.000;0.000;15.100;1.027;12.0;0.0;-120;39;3.030;2.816;11.7;3330;0;0;-10.7;0;0;0;0;39;99;0;0;1664;35.58;0;0;0;0;0;0;0;0;0;0;0;0;0;0;0;0;39;0;25.0;25.0;2;0;0.00;0.00;0.00;0.0;0.0
2.798;43;2664;20;53280;0.0;16.200;1.102;26;95;33;0;100;102;100;100;100;102;100;42;42;0;1.218;1.218;0.000;0.000;15.100;1.027;10.8;0.0;0;38;3.030;2.770;11.7;3330;0;0;-11.5;0;0;0;0;39;99;0;0;1664;37.48;0;0;0;0;0;0;0;0;0;0;0;0;0;0;0;0;38;0;20.0;20.0;2;0;0.00;0.00;0.00;0.0;0.0
2.867;44;2593;20;51860;0.0;14.900;1.014;26;95;33;0;100;102;100;100;100;102;100;41;41;0;1.201;1.201;0.000;0.000;15.100;1.027;10.4;0.0;0;38;3.000;2.790;12.3;-1420;0;0;-11.5;0;0;0;0;39;99;0;0;1734;40.12;0;0;0;0;0;0;0;0;0;0;0;0;0;0;0;0;38;0;20.0;20.0;2;0;0.00;0.00;0.00;0.0;0.0
2.934;44;2452;20;49040;0.0;14.600;0.993;26;95;33;0;100;102;100;100;100;102;100;41;41;0;1.201;1.201;0.000;0.000;15.100;1.027;9.8;0.0;0;37;3.000;2.801;12.3;-1420;0;0;-11.5;0;0;0;0;39;99;0;0;1734;42.43;0;0;0;0;0;0;0;0;0;0;0;0;0;0;0;0;37;0;20.0;20.0;2;0;0.00;0.00;0.00;0.0;0.0
3.002;44;2378;21;49938;0.0;14.000;0.952;26;95;33;0;100;102;100;100;100;102;100;42;42;0;1.215;1.215;0.000;0.000;15.100;1.027;9.6;0.0;0;37;3.000;2.760;12.3;-1420;0;0;-11.3;0;0;0;0;39;99;0;0;1734;43.75;0;0;0;0;0;0;0;0;0;0;0;0;0;0;0;0;37;0;21.0;21.0;2;0;0.00;0.00;0.00;0.0;0.0
3.068;44;2304;98;225792;85.5;13.800;0.939;25;95;17;0;100;102;100;100;100;102;250;80;80;0;5.966;5.966;0.000;0.000;12.800;0.871;45.8;0.0;1395;24;3.030;3.352;11.6;-1440;0;0;-0.1;0;0;0;0;39;99;0;0;1734;45.16;0;0;0;0;0;0;0;0;0;0;0;0;0;0;0;0;24;0;98.0;98.0;2;0;0.00;0.00;0.00;0.0;0.0
3.134;44;2578;97;250066;99.0;12.800;0.871;25;95;17;0;100;102;100;100;100;102;146;80;80;0;3.716;3.716;0.000;0.000;12.700;0.864;31.9;0.0;75;25;3.030;3.169;11.6;-170;0;0;-0.3;0;0;0;0;39;99;0;0;1734;40.36;0;0;0;0;0;0;0;0;0;0;0;0;0;0;0;0;25;0;97.0;97.0;2;0;0.00;0.00;0.00;0.0;0.0
3.200;44;2660;98;260680;95.0;13.500;0.918;25;95;33;0;100;102;100;100;100;102;100;82;82;0;2.791;2.791;0.000;0.000;12.800;0.871;24.7;0.0;-150;26;3.030;3.014;11.6;-170;0;0;-0.1;0;0;0;0;39;99;0;0;1734;39.11;0;0;0;0;0;0;0;0;0;0;0;0;0;0;0;0;26;0;98.0;98.0;2;0;0.00;0.00;0.00;0.0;0.0
3.266;44;2843;61;173423;12.5;17.000;1.156;25;95;33;0;100;102;100;100;100;102;100;64;64;0;1.888;1.888;0.000;0.000;14.200;0.966;17.9;0.0;-1245;34;3.030;3.211;11.6;3480;0;0;-5.5;0;0;0;0;39;99;0;0;1734;36.60;0;0;0;0;0;0;0;0;0;0;0;0;0;0;0;0;34;0;61.0;61.0;2;0;0.00;0.00;0.00;0.0;0.0
3.336;44;2895;22;63690;0.5;17.700;1.204;25;95;33;0;100;102;100;100;100;102;100;44;44;0;1.239;1.239;0.000;0.000;15.100;1.027;12.0;0.0;-60;39;3.030;2.895;11.8;1860;0;0;-11.2;0;0;0;0;39;99;0;0;1734;35.94;0;0;0;0;0;0;0;0;0;0;0;0;0;0;0;0;39;0;22.0;22.0;2;0;0.00;0.00;0.00;0.0;0.0
3.401;44;2775;19;52725;0.0;16.400;1.116;25;95;33;0;100;102;100;100;100;102;100;41;41;0;1.196;1.196;0.000;0.000;15.100;1.027;11.1;0.0;0;39;3.030;2.838;11.8;1860;0;0;-11.6;0;0;0;0;39;99;0;0;1734;37.49;0;0;0;0;0;0;0;0;0;0;0;0;0;0;0;0;39;0;19.0;19.0;2;0;0.00;0.00;0.00;0.0;0.0
3.470;44;2707;20;54140;0.0;15.700;1.068;25;95;33;0;100;102;100;100;100;102;100;42;42;0;1.218;1.218;0.000;0.000;15.100;1.027;11.0;0.0;0;38;3.030;2.631;11.8;-1200;0;0;-11.5;0;0;0;0;39;99;0;0;1734;38.43;0;0;0;0;0;0;0;0;0;0;0;0;0;0;0;0;38;0;20.0;20.0;2;0;0.00;0.00;0.00;0.0;0.0
3.535;44;2569;20;51380;0.0;15.900;1.082;25;95;33;0;100;102;100;100;100;102;100;41;41;0;1.211;1.211;0.000;0.000;15.100;1.027;10.4;0.0;0;38;3.030;2.892;11.8;-2060;0;0;-11.5;0;0;0;0;39;99;0;0;1734;40.50;0;0;0;0;0;0;0;0;0;0;0;0;0;0;0;0;38;0;20.0;20.0;2;0;0.00;0.00;0.00;0.0;0.0
3.600;44;2498;21;52458;4.5;14.600;0.993;25;95;17;0;100;102;100;100;100;102;156;42;42;0;2.441;2.441;0.000;0.000;15.100;1.027;20.3;0.0;135;37;3.000;2.786;12.4;-2060;0;0;-11.3;0;0;0;0;39;99;0;0;1734;41.65;0;0;0;0;0;0;0;0;0;0;0;0;0;0;0;0;37;0;21.0;21.0;2;0;0.00;0.00;0.00;0.0;0.0
3.666;44;2427;98;237846;91.0;13.900;0.946;25;95;17;0;100;102;100;100;100;102;242;80;80;0;5.806;5.806;0.000;0.000;12.700;0.864;47.0;0.0;870;24;3.000;3.439;12.4;-1420;0;0;-0.1;0;0;0;0;39;99;0;0;1734;42.87;0;0;0;0;0;0;0;0;0;0;0;0;0;0;0;0;24;0;98.0;98.0;2;0;0.00;0.00;0.00;0.0;0.0
3.737;44;2699;98;264502;91.0;13.100;0.891;25;95;17;0;100;102;100;100;100;102;170;82;82;0;4.286;4.286;0.000;0.000;12.800;0.871;38.6;0.0;-195;26;3.000;3.161;12.4;2720;0;0;-0.1;0;0;0;0;39;99;0;0;1734;38.55;0;0;0;0;0;0;0;0;0;0;0;0;0;0;0;0;26;0;98.0;98.0;2;0;0.00;0.00;0.00;0.0;0.0
3.801;44;2967;52;154284;10.0;12.600;0.857;25;95;33;0;100;102;100;100;100;102;100;60;60;0;1.711;1.711;0.000;0.000;14.700;1.000;16.9;0.0;-1035;35;3.000;2.999;12.4;2720;0;0;-6.8;0;0;0;0;39;99;0;0;1734;35.07;0;0;0;0;0;0;0;0;0;0;0;0;0;0;0;0;35;0;52.0;52.0;2;0;0.00;0.00;0.00;0.0;0.0
3.801;45;2943;21;61803;0.0;15.000;1.020;25;95;33;0;100;102;100;100;100;102;100;43;43;0;1.218;1.218;0.000;0.000;15.100;1.027;11.9;0.0;-60;39;3.000;2.831;12.7;2680;0;0;-11.3;0;0;0;0;39;99;0;0;1719;35.05;0;0;0;0;0;0;0;0;0;0;0;0;0;0;0;0;39;0;21.0;21.0;2;0;0.00;0.00;0.00;0.0;0.0
3.936;45;2815;19;53485;0.0;15.500;1.054;25;95;33;0;100;102;100;100;100;102;100;41;41;0;1.186;1.186;0.000;0.000;15.100;1.027;11.1;0.0;0;39;3.000;2.861;12.7;-1520;0;0;-11.6;0;0;0;0;39;99;0;0;1719;36.64;0;0;0;0;0;0;0;0;0;0;0;0;0;0;0;0;39;0;19.0;19.0;2;0;0.00;0.00;0.00;0.0;0.0
4.003;45;2746;19;52174;0.0;16.100;1.095;25;95;33;0;100;102;100;100;100;102;100;41;41;0;1.186;1.186;0.000;0.000;15.100;1.027;10.9;0.0;0;38;3.000;2.754;12.7;-1520;0;0;-11.6;0;0;0;0;39;99;0;0;1719;37.56;0;0;0;0;0;0;0;0;0;0;0;0;0;0;0;0;38;0;19.0;19.0;2;0;0.00;0.00;0.00;0.0;0.0
4.067;45;2611;20;52220;0.0;15.400;1.048;25;95;33;0;100;102;100;100;100;102;100;41;41;0;1.201;1.201;0.000;0.000;15.100;1.027;10.5;0.0;0;38;3.000;2.822;12.7;-1360;0;0;-11.5;0;0;0;0;39;99;0;0;1719;39.50;0;0;0;0;0;0;0;0;0;0;0;0;0;0;0;0;38;0;20.0;20.0;2;0;0.00;0.00;0.00;0.0;0.0
4.134;45;2540;20;50800;0.0;14.200;0.966;25;95;33;0;100;102;100;100;100;102;100;41;41;0;1.201;1.201;0.000;0.000;15.100;1.027;10.2;0.0;0;38;3.000;2.736;12.8;-1390;0;0;-11.5;0;0;0;0;39;99;0;0;1719;40.61;0;0;0;0;0;0;0;0;0;0;0;0;0;0;0;0;38;0;20.0;20.0;2;0;0.00;0.00;0.00;0.0;0.0
4.203;45;2398;21;50358;0.0;13.800;0.939;25;95;33;0;100;102;100;100;100;102;100;42;42;0;1.215;1.215;0.000;0.000;15.100;1.027;9.7;0.0;0;37;3.000;2.507;12.8;-1390;0;0;-11.3;0;0;0;0;39;99;0;0;1719;43.01;0;0;0;0;0;0;0;0;0;0;0;0;0;0;0;0;37;0;21.0;21.0;2;0;0.00;0.00;0.00;0.0;0.0
4.268;45;2325;21;48825;0.0;13.500;0.918;25;95;33;0;100;102;100;100;100;102;100;41;41;0;1.208;1.208;0.000;0.000;15.100;1.027;9.4;0.0;0;37;3.000;2.805;12.8;-1420;0;0;-11.3;0;0;0;0;39;99;0;0;1719;44.36;0;0;0;0;0;0;0;0;0;0;0;0;0;0;0;0;37;0;21.0;21.0;2;0;0.00;0.00;0.00;0.0;0.0
4.334;45;2249;21;47229;0.0;13.300;0.905;25;95;1;0;100;102;100;100;100;102;100;41;41;0;1.208;1.208;0.000;0.000;15.100;1.027;9.1;0.0;0;36;3.000;2.670;12.8;-1420;0;0;-11.3;0;0;0;0;39;99;0;0;1719;45.86;0;0;0;0;0;0;0;0;0;0;0;0;0;0;0;0;36;0;21.0;21.0;2;0;0.00;0.00;0.00;0.0;0.0
4.403;45;2173;22;47806;0.0;13.200;0.898;25;95;1;0;100;102;100;100;100;102;100;42;42;0;1.222;1.222;0.000;0.000;15.000;1.020;8.9;0.0;0;36;3.000;2.616;12.9;-1490;0;0;-11.2;0;0;0;0;39;99;0;0;1719;47.46;0;0;0;0;0;0;0;0;0;0;0;0;0;0;0;0;36;0;22.0;22.0;2;0;0.00;0.00;0.00;0.0;0.0
4.469;45;2094;23;48162;0.0;13.200;0.898;25;95;1;0;100;102;100;100;100;102;100;42;42;0;1.229;1.229;0.000;0.000;15.000;1.020;8.6;0.0;0;36;3.000;2.587;12.9;-1550;0;0;-11.0;0;0;0;0;39;99;0;0;1719;49.26;0;0;0;0;0;0;0;0;0;0;0;0;0;0;0;0;36;0;23.0;23.0;2;0;0.00;0.00;0.00;0.0;0.0
4.535;45;2013;24;48312;0.0;13.400;0.912;25;95;1;0;100;102;100;100;100;102;100;42;42;0;1.244;1.244;0.000;0.000;15.000;1.020;8.3;0.0;0;36;3.000;2.525;12.9;-1550;0;0;-10.9;0;0;0;0;39;99;0;0;1719;51.24;0;0;0;0;0;0;0;0;0;0;0;0;0;0;0;0;36;0;24.0;24.0;2;0;0.00;0.00;0.00;0.0;0.0
4.601;45;1930;24;46320;0.0;13.500;0.918;25;95;1;0;100;102;100;100;100;102;100;42;42;0;1.244;1.244;0.000;0.000;15.000;1.020;8.0;0.0;0;35;3.000;2.101;12.9;-810;0;0;-10.9;0;0;0;0;39;99;0;0;1719;53.44;0;0;0;0;0;0;0;0;0;0;0;0;0;0;0;0;35;0;24.0;24.0;2;0;0.00;0.00;0.00;0.0;0.0
4.670;45;1843;25;46075;0.0;13.700;0.932;25;95;1;0;100;102;100;100;100;102;100;42;42;0;1.251;1.251;0.000;0.000;15.000;1.020;7.7;0.0;0;35;3.000;2.329;12.9;-1700;0;0;-10.7;0;0;0;0;39;99;0;0;1719;55.96;0;0;0;0;0;0;0;0;0;0;0;0;0;0;0;0;35;0;25.0;25.0;2;0;0.00;0.00;0.00;0.0;0.0
4.735;45;1752;94;164688;86.0;13.900;0.946;25;95;17;0;100;102;100;100;100;102;280;75;75;0;6.436;6.436;0.000;0.000;12.800;0.871;37.6;0.0;1365;23;3.000;1.669;12.9;-1700;0;0;-0.7;0;0;0;0;39;99;0;0;1719;58.87;0;0;0;0;0;0;0;0;0;0;0;0;0;0;0;0;23;0;94.0;94.0;2;0;0.00;0.00;0.00;0.0;0.0
4.801;45;1678;98;164444;99.0;13.500;0.918;25;95;17;0;100;102;100;100;100;102;158;77;77;0;3.950;3.950;0.000;0.000;12.800;0.871;22.1;0.0;75;22;3.000;4.585;12.9;-910;0;0;-0.1;0;0;0;0;39;99;0;0;1719;61.47;0;0;0;0;0;0;0;0;0;0;0;0;0;0;0;0;22;0;98.0;98.0;2;0;0.00;0.00;0.00;0.0;0.0
4.867;46;2012;88;177056;25.0;13.300;0.905;25;95;33;0;100;102;100;100;100;102;100;74;74;0;2.461;2.461;0.000;0.000;12.900;0.878;16.5;0.0;-1785;26;3.000;3.396;13.0;2030;0;0;-1.6;0;0;0;0;39;99;0;0;1811;54.01;0;0;0;0;0;0;0;0;0;0;0;0;0;0;0;0;26;0;88.0;88.0;2;0;0.00;0.00;0.00;0.0;0.0
4.935;46;2155;41;88355;1.0;13.800;0.939;25;95;33;0;100;102;100;100;100;102;100;53;53;0;1.493;1.493;0.000;0.000;14.800;1.007;10.7;0.0;-135;34;3.000;3.238;13.0;2030;0;0;-8.4;0;0;0;0;39;99;0;0;1811;50.42;0;0;0;0;0;0;0;0;0;0;0;0;0;0;0;0;34;0;41.0;41.0;2;0;0.00;0.00;0.00;0.0;0.0
5.001;46;2144;26;55744;0.0;18.200;1.238;25;95;33;0;100;102;100;100;100;102;100;44;44;0;1.267;1.267;0.000;0.000;15.000;1.020;9.1;0.0;0;36;3.000;2.757;13.0;2000;0;0;-10.6;0;0;0;0;39;99;0;0;1811;50.68;0;0;0;0;0;0;0;0;0;0;0;0;0;0;0;0;36;0;26.0;26.0;2;0;0.00;0.00;0.00;0.0;0.0
5.067;46;2066;24;49584;0.0;17.000;1.156;25;95;33;0;100;102;100;100;100;102;100;42;42;0;1.244;1.244;0.000;0.000;15.000;1.020;8.6;0.0;0;36;3.000;2.589;13.0;-890;0;0;-10.9;0;0;0;0;39;99;0;0;1811;52.59;0;0;0;0;0;0;0;0;0;0;0;0;0;0;0;0;36;0;24.0;24.0;2;0;0.00;0.00;0.00;0.0;0.0
5.136;46;1982;24;47568;0.0;16.400;1.116;25;95;33;0;100;102;100;100;100;102;100;42;42;0;1.244;1.244;0.000;0.000;15.000;1.020;8.2;0.0;0;35;3.000;2.607;13.0;-890;0;0;-10.9;0;0;0;0;39;99;0;0;1811;54.82;0;0;0;0;0;0;0;0;0;0;0;0;0;0;0;0;35;0;24.0;24.0;2;0;0.00;0.00;0.00;0.0;0.0
5.202;46;1898;93;176514;85.0;16.000;1.088;25;95;17;0;100;102;100;100;100;102;272;76;76;0;6.267;6.267;0.000;0.000;12.800;0.871;39.6;0.0;1425;24;3.000;1.784;13.0;-840;0;0;-0.9;0;0;0;0;39;99;0;0;1811;57.25;0;0;0;0;0;0;0;0;0;0;0;0;0;0;0;0;24;0;93.0;93.0;2;0;0.00;0.00;0.00;0.0;0.0
5.268;46;1847;98;181006;99.0;16.200;1.102;25;95;17;0;100;102;100;100;100;102;160;78;78;0;3.987;3.987;0.000;0.000;12.800;0.871;24.5;0.0;90;22;3.000;4.413;13.0;-1350;0;0;-0.1;0;0;0;0;39;99;0;0;1811;58.83;0;0;0;0;0;0;0;0;0;0;0;0;0;0;0;0;22;0;98.0;98.0;2;0;0.00;0.00;0.00;0.0;0.0
5.334;46;2124;107;227268;38.5;13.600;0.925;25;95;33;0;100;102;100;100;100;102;100;80;80;0;2.895;2.895;0.000;0.000;12.800;0.871;20.5;0.0;-1650;22;3.000;3.401;13.0;-1350;0;0;1.2;0;0;0;0;39;99;0;0;1811;51.16;0;0;0;0;0;0;0;0;0;0;0;0;0;0;0;0;22;0;107.0;107.0;2;0;0.00;0.00;0.00;0.0;0.0
5.403;46;2194;56;122864;2.0;15.000;1.020;25;95;33;0;100;102;100;100;100;102;100;60;60;0;1.764;1.764;0.000;0.000;14.700;1.000;12.9;0.0;-195;33;3.000;3.316;13.0;3610;0;0;-6.2;0;0;0;0;39;99;0;0;1811;49.53;0;0;0;0;0;0;0;0;0;0;0;0;0;0;0;0;33;0;56.0;56.0;2;0;0.00;0.00;0.00;0.0;0.0
5.469;46;2166;26;56316;0.0;15.600;1.061;25;95;33;0;100;102;100;100;100;102;100;44;44;0;1.267;1.267;0.000;0.000;15.000;1.020;9.1;0.0;0;36;3.000;2.551;13.0;-420;0;0;-10.6;0;0;0;0;39;99;0;0;1811;50.17;0;0;0;0;0;0;0;0;0;0;0;0;0;0;0;0;36;0;26.0;26.0;2;0;0.00;0.00;0.00;0.0;0.0
5.533;46;2044;24;49056;0.0;15.000;1.020;25;95;33;0;100;102;100;100;100;102;100;42;42;0;1.244;1.244;0.000;0.000;15.000;1.020;8.5;0.0;0;36;3.000;2.653;13.0;-420;0;0;-10.9;0;0;0;0;39;99;0;0;1811;53.16;0;0;0;0;0;0;0;0;0;0;0;0;0;0;0;0;36;0;24.0;24.0;2;0;0.00;0.00;0.00;0.0;0.0
5.600;46;1961;24;47064;0.0;15.600;1.061;25;95;33;0;100;102;100;100;100;102;100;42;42;0;1.244;1.244;0.000;0.000;15.000;1.020;8.1;0.0;0;35;3.000;2.527;13.0;-1220;0;0;-10.9;0;0;0;0;39;99;0;0;1811;55.41;0;0;0;0;0;0;0;0;0;0;0;0;0;0;0;0;35;0;24.0;24.0;2;0;0.00;0.00;0.00;0.0;0.0
5.669;46;1874;24;44976;0.0;16.100;1.095;25;95;33;0;100;102;100;100;100;102;100;42;42;0;1.244;1.244;0.000;0.000;15.000;1.020;7.8;0.0;0;35;3.000;2.503;13.0;-1700;0;0;-10.9;0;0;0;0;39;99;0;0;1811;57.98;0;0;0;0;0;0;0;0;0;0;0;0;0;0;0;0;35;0;24.0;24.0;2;0;0.00;0.00;0.00;0.0;0.0
5.735;46;1783;25;44575;0.0;16.100;1.095;25;95;33;0;100;102;100;100;100;102;100;42;42;0;1.251;1.251;0.000;0.000;14.900;1.014;7.4;0.0;0;35;3.000;2.366;13.0;-1700;0;0;-10.7;0;0;0;0;39;99;0;0;1811;60.94;0;0;0;0;0;0;0;0;0;0;0;0;0;0;0;0;35;0;25.0;25.0;2;0;0.00;0.00;0.00;0.0;0.0
5.801;46;1688;27;45576;0.0;15.300;1.041;25;95;33;0;100;102;100;100;100;102;100;43;43;0;1.277;1.277;0.000;0.000;14.900;1.014;7.2;0.0;0;34;3.000;2.396;13.0;-910;0;0;-10.4;0;0;0;0;39;99;0;0;1811;64.37;0;0;0;0;0;0;0;0;0;0;0;0;0;0;0;0;34;0;27.0;27.0;2;0;0.00;0.00;0.00;0.0;0.0
5.870;47;1592;29;46168;0.0;14.800;1.007;25;95;1;0;100;102;100;100;100;102;100;44;44;0;1.297;1.297;0.000;0.000;15.000;1.020;6.9;0.0;0;34;3.000;2.399;12.7;-1910;0;0;-10.2;0;0;0;0;39;99;0;0;1797;67.73;0;0;0;0;0;0;0;0;0;0;0;0;0;0;0;0;34;0;29.0;29.0;2;0;0.00;0.00;0.00;0.0;0.0
5.935;47;1447;30;43410;0.0;14.500;0.986;25;95;1;0;100;102;100;100;100;102;100;43;43;0;1.300;1.300;0.000;0.000;14.800;1.007;6.3;0.0;0;33;3.000;1.318;12.7;-1910;0;0;-10.0;0;0;0;0;39;99;0;0;1797;74.51;0;0;0;0;0;0;0;0;0;0;0;0;0;0;0;0;33;0;30.0;30.0;2;0;0.00;0.00;0.00;0.0;0.0
6.001;47;1378;40;55120;72.0;14.400;0.980;25;95;17;0;100;102;100;100;100;102;300;47;47;0;5.730;5.730;0.000;0.000;14.700;1.000;26.3;0.0;1770;31;3.000;2.598;12.7;-1600;0;0;-8.6;0;0;0;0;39;99;0;0;1797;78.24;0;0;0;0;0;0;0;0;0;0;0;0;0;0;0;0;31;0;40.0;40.0;2;0;0.00;0.00;0.00;0.0;0.0
6.067;47;1358;99;134442;98.0;14.400;0.980;25;95;17;0;100;102;100;100;100;102;188;75;75;0;4.548;4.548;0.000;0.000;12.900;0.878;20.6;0.0;150;19;3.000;4.204;12.7;-740;0;0;0.0;0;0;0;0;39;99;0;0;1797;79.40;0;0;0;0;0;0;0;0;0;0;0;0;0;0;0;0;19;0;99.0;99.0;2;0;0.00;0.00;0.00;0.0;0.0
6.135;47;1544;98;151312;46.5;14.500;0.986;25;95;33;0;100;102;100;100;100;102;100;76;76;0;2.647;2.647;0.000;0.000;12.800;0.871;13.6;0.0;-1440;21;3.000;4.435;12.8;-740;0;0;-0.1;0;0;0;0;39;99;0;0;1797;69.83;0;0;0;0;0;0;0;0;0;0;0;0;0;0;0;0;21;0;98.0;98.0;2;0;0.00;0.00;0.00;0.0;0.0
6.202;47;1774;58;102892;2.5;13.500;0.918;25;95;33;0;100;102;100;100;100;102;100;60;60;0;1.784;1.784;0.000;0.000;14.700;1.000;10.5;0.0;-240;32;3.000;3.969;12.8;4160;0;0;-5.9;0;0;0;0;39;99;0;0;1797;60.78;0;0;0;0;0;0;0;0;0;0;0;0;0;0;0;0;32;0;58.0;58.0;2;0;0.00;0.00;0.00;0.0;0.0
6.202;47;1958;30;58740;0.0;14.500;0.986;25;95;33;0;100;102;100;100;100;102;100;46;46;0;1.320;1.320;0.000;0.000;15.000;1.020;8.6;0.0;-15;35;3.000;2.748;12.8;1840;0;0;-10.0;0;0;0;0;39;99;0;0;1797;55.07;0;0;0;0;0;0;0;0;0;0;0;0;0;0;0;0;35;0;30.0;30.0;2;0;0.00;0.00;0.00;0.0;0.0
6.335;47;1927;26;50102;0.0;16.500;1.122;25;95;33;0;100;102;100;100;100;102;100;43;43;0;1.262;1.262;0.000;0.000;15.000;1.020;8.1;0.0;0;35;3.000;2.465;12.8;1840;0;0;-10.6;0;0;0;0;39;99;0;0;1797;55.95;0;0;0;0;0;0;0;0;0;0;0;0;0;0;0;0;35;0;26.0;26.0;2;0;0.00;0.00;0.00;0.0;0.0
6.401;47;1843;26;47918;0.0;16.300;1.109;25;95;33;0;100;102;100;100;100;102;100;43;43;0;1.262;1.262;0.000;0.000;15.000;1.020;7.8;0.0;0;35;3.000;2.372;13.0;-1150;0;0;-10.6;0;0;0;0;39;99;0;0;1797;58.50;0;0;0;0;0;0;0;0;0;0;0;0;0;0;0;0;35;0;26.0;26.0;2;0;0.00;0.00;0.00;0.0;0.0
6.467;47;1751;29;50779;0.0;15.500;1.054;25;95;33;0;100;102;100;100;100;102;100;45;45;0;1.307;1.307;0.000;0.000;15.100;1.027;7.6;0.0;0;35;3.000;2.402;13.0;-1150;0;0;-10.2;0;0;0;0;39;99;0;0;1797;61.58;0;0;0;0;0;0;0;0;0;0;0;0;0;0;0;0;35;0;29.0;29.0;2;0;0.00;0.00;0.00;0.0;0.0
6.533;47;1657;97;160729;84.0;15.300;1.041;25;95;17;0;100;102;100;100;100;102;284;76;76;0;6.612;6.612;0.000;0.000;12.800;0.871;36.5;0.0;1560;22;3.000;2.827;13.0;-920;0;0;-0.3;0;0;0;0;39;99;0;0;1797;65.07;0;0;0;0;0;0;0;0;0;0;0;0;0;0;0;0;22;0;97.0;97.0;2;0;0.00;0.00;0.00;0.0;0.0
6.603;47;1679;98;164542;99.0;14.700;1.000;25;95;17;0;100;102;100;100;100;102;234;76;76;0;5.528;5.528;0.000;0.000;12.800;0.871;30.9;0.0;90;22;3.000;4.724;13.0;-720;0;0;-0.1;0;0;0;0;39;99;0;0;1797;64.22;0;0;0;0;0;0;0;0;0;0;0;0;0;0;0;0;22;0;98.0;98.0;2;0;0.00;0.00;0.00;0.0;0.0
6.668;47;1988;65;129220;19.5;12.000;0.816;25;95;33;0;100;102;100;100;100;102;100;63;63;0;1.921;1.921;0.000;0.000;14.100;0.959;12.7;0.0;-1875;32;3.000;4.568;13.0;-720;0;0;-4.9;0;0;0;0;39;99;0;0;1797;54.24;0;0;0;0;0;0;0;0;0;0;0;0;0;0;0;0;32;0;65.0;65.0;2;0;0.00;0.00;0.00;0.0;0.0
6.734;47;2235;30;67050;1.0;13.700;0.932;25;95;33;0;100;102;100;100;100;102;100;48;48;0;1.331;1.331;0.000;0.000;15.100;1.027;9.9;0.0;-105;36;3.000;2.984;13.0;3090;0;0;-10.0;0;0;0;0;39;99;0;0;1797;48.24;0;0;0;0;0;0;0;0;0;0;0;0;0;0;0;0;36;0;30.0;30.0;2;0;0.00;0.00;0.00;0.0;0.0
6.799;47;2168;24;52032;0.0;15.400;1.048;25;95;33;0;100;102;100;100;100;102;100;43;43;0;1.248;1.248;0.000;0.000;15.000;1.020;9.0;0.0;0;36;3.000;2.750;13.0;2470;0;0;-10.9;0;0;0;0;39;99;0;0;1797;49.73;0;0;0;0;0;0;0;0;0;0;0;0;0;0;0;0;36;0;24.0;24.0;2;0;0.00;0.00;0.00;0.0;0.0
6.869;47;2089;24;50136;0.0;14.900;1.014;25;95;33;0;100;102;100;100;100;102;100;43;43;0;1.248;1.248;0.000;0.000;15.000;1.020;8.7;0.0;0;36;3.000;2.681;13.0;2470;0;0;-10.9;0;0;0;0;39;99;0;0;1797;51.61;0;0;0;0;0;0;0;0;0;0;0;0;0;0;0;0;36;0;24.0;24.0;2;0;0.00;0.00;0.00;0.0;0.0
6.935;48;2008;24;48192;0.0;14.900;1.014;25;95;33;0;100;102;100;100;100;102;100;42;42;0;1.244;1.244;0.000;0.000;15.000;1.020;8.3;0.0;0;36;3.000;2.587;13.0;-1460;0;0;-10.9;0;0;0;0;39;99;0;0;1732;51.75;0;0;0;0;0;0;0;0;0;0;0;0;0;0;0;0;36;0;24.0;24.0;2;0;0.00;0.00;0.00;0.0;0.0
7.001;48;1923;24;46152;0.0;14.800;1.007;25;95;33;0;100;102;100;100;100;102;100;42;42;0;1.244;1.244;0.000;0.000;15.000;1.020;8.0;0.0;0;35;3.000;2.521;13.0;-1660;0;0;-10.9;0;0;0;0;39;99;0;0;1732;54.04;0;0;0;0;0;0;0;0;0;0;0;0;0;0;0;0;35;0;24.0;24.0;2;0;0.00;0.00;0.00;0.0;0.0
7.069;48;1836;24;44064;0.0;14.600;0.993;25;95;33;0;100;102;100;100;100;102;100;41;41;0;1.235;1.235;0.000;0.000;15.000;1.020;7.6;0.0;0;35;3.000;2.472;13.0;-1660;0;0;-10.9;0;0;0;0;39;99;0;0;1732;56.60;0;0;0;0;0;0;0;0;0;0;0;0;0;0;0;0;35;0;24.0;24.0;2;0;0.00;0.00;0.00;0.0;0.0
7.135;48;1743;26;45318;0.0;14.400;0.980;25;95;33;0;100;102;100;100;100;102;100;42;42;0;1.258;1.258;0.000;0.000;14.900;1.014;7.3;0.0;0;34;3.000;2.392;12.3;-870;0;0;-10.6;0;0;0;0;39;99;0;0;1732;59.62;0;0;0;0;0;0;0;0;0;0;0;0;0;0;0;0;34;0;26.0;26.0;2;0;0.00;0.00;0.00;0.0;0.0
7.202;48;1637;95;155515;77.0;14.400;0.980;25;95;17;0;100;102;100;100;100;102;286;74;74;0;6.596;6.596;0.000;0.000;12.800;0.871;36.0;0.0;1665;22;3.000;2.088;12.3;-1990;0;0;-0.6;0;0;0;0;39;99;0;0;1732;63.48;0;0;0;0;0;0;0;0;0;0;0;0;0;0;0;0;22;0;95.0;95.0;2;0;0.00;0.00;0.00;0.0;0.0
7.270;48;1734;98;169932;98.5;14.200;0.966;25;95;17;0;100;102;100;100;100;102;254;78;78;0;6.008;6.008;0.000;0.000;12.800;0.871;34.7;0.0;135;22;3.000;4.457;12.3;-1990;0;0;-0.1;0;0;0;0;39;99;0;0;1732;59.93;0;0;0;0;0;0;0;0;0;0;0;0;0;0;0;0;22;0;98.0;98.0;2;0;0.00;0.00;0.00;0.0;0.0
7.336;48;2044;74;151256;25.5;12.700;0.864;25;95;33;0;100;102;100;100;100;102;100;68;68;0;2.129;2.129;0.000;0.000;13.400;0.912;14.5;0.0;-1815;30;3.000;4.273;12.3;970;0;0;-3.6;0;0;0;0;39;99;0;0;1732;50.84;0;0;0;0;0;0;0;0;0;0;0;0;0;0;0;0;30;0;74.0;74.0;2;0;0.00;0.00;0.00;0.0;0.0
7.402;48;2255;32;72160;1.0;13.600;0.925;25;95;33;0;100;102;100;100;100;102;100;49;49;0;1.365;1.365;0.000;0.000;15.000;1.020;10.3;0.0;-135;36;3.000;2.937;12.5;5210;0;0;-9.7;0;0;0;0;39;99;0;0;1732;46.08;0;0;0;0;0;0;0;0;0;0;0;0;0;0;0;0;36;0;32.0;32.0;2;0;0.00;0.00;0.00;0.0;0.0
7.468;48;2204;25;55100;0.0;15.100;1.027;25;95;33;0;100;102;100;100;100;102;100;44;44;0;1.260;1.260;0.000;0.000;15.100;1.027;9.3;0.0;0;36;3.000;2.437;12.5;5210;0;0;-10.7;0;0;0;0;39;99;0;0;1732;47.15;0;0;0;0;0;0;0;0;0;0;0;0;0;0;0;0;36;0;25.0;25.0;2;0;0.00;0.00;0.00;0.0;0.0
7.533;48;2126;24;51024;0.0;15.100;1.027;25;95;33;0;100;102;100;100;100;102;100;43;43;0;1.248;1.248;0.000;0.000;15.000;1.020;8.8;0.0;0;37;3.000;2.725;12.5;-510;0;0;-10.9;0;0;0;0;39;99;0;0;1732;48.88;0;0;0;0;0;0;0;0;0;0;0;0;0;0;0;0;37;0;24.0;24.0;2;0;0.00;0.00;0.00;0.0;0.0
7.602;48;2047;24;49128;0.0;14.900;1.014;25;95;33;0;100;102;100;100;100;102;100;42;42;0;1.244;1.244;0.000;0.000;15.000;1.020;8.5;0.0;0;36;3.000;2.626;12.5;-1570;0;0;-10.9;0;0;0;0;39;99;0;0;1732;50.77;0;0;0;0;0;0;0;0;0;0;0;0;0;0;0;0;36;0;24.0;24.0;2;0;0.00;0.00;0.00;0.0;0.0
7.668;48;1965;24;47160;0.0;14.800;1.007;25;95;33;0;100;102;100;100;100;102;100;42;42;0;1.244;1.244;0.000;0.000;15.000;1.020;8.1;0.0;0;35;3.000;2.562;12.8;-1570;0;0;-10.9;0;0;0;0;39;99;0;0;1732;52.89;0;0;0;0;0;0;0;0;0;0;0;0;0;0;0;0;35;0;24.0;24.0;2;0;0.00;0.00;0.00;0.0;0.0
7.733;48;1879;24;45096;0.0;14.700;1.000;25;95;33;0;100;102;100;100;100;102;100;42;42;0;1.244;1.244;0.000;0.000;15.000;1.020;7.8;0.0;0;35;3.000;2.512;12.8;-820;0;0;-10.9;0;0;0;0;39;99;0;0;1732;55.31;0;0;0;0;0;0;0;0;0;0;0;0;0;0;0;0;35;0;24.0;24.0;2;0;0.00;0.00;0.00;0.0;0.0
7.798;48;1789;25;44725;0.0;14.400;0.980;25;95;33;0;100;102;100;100;100;102;100;42;42;0;1.251;1.251;0.000;0.000;14.900;1.014;7.5;0.0;0;35;3.000;2.415;12.8;-1760;0;0;-10.7;0;0;0;0;39;99;0;0;1732;58.09;0;0;0;0;0;0;0;0;0;0;0;0;0;0;0;0;35;0;25.0;25.0;2;0;0.00;0.00;0.00;0.0;0.0
7.868;48;1695;26;44070;0.0;14.200;0.966;25;95;1;0;100;102;100;100;100;102;100;42;42;0;1.258;1.258;0.000;0.000;14.900;1.014;7.1;0.0;0;34;3.000;2.439;12.8;-1760;0;0;-10.6;0;0;0;0;39;99;0;0;1732;61.31;0;0;0;0;0;0;0;0;0;0;0;0;0;0;0;0;34;0;26.0;26.0;2;0;0.00;0.00;0.00;0.0;0.0
7.935;49;1598;28;44744;0.0;14.100;0.959;25;95;1;0;100;102;100;100;100;102;100;43;43;0;1.285;1.285;0.000;0.000;15.000;1.020;6.8;0.0;0;34;3.000;2.398;12.9;-940;0;0;-10.3;0;0;0;0;39;99;0;0;1801;67.62;0;0;0;0;0;0;0;0;0;0;0;0;0;0;0;0;34;0;28.0;28.0;2;0;0.00;0.00;0.00;0.0;0.0
8.000;49;1453;49;71197;42.5;14.000;0.952;25;95;17;0;100;102;100;100;100;102;296;53;53;0;5.809;5.809;0.000;0.000;14.600;0.993;28.1;0.0;1275;31;3.000;1.313;12.9;-2420;0;0;-7.3;0;0;0;0;39;99;0;0;1801;74.37;0;0;0;0;0;0;0;0;0;0;0;0;0;0;0;0;31;0;49.0;49.0;2;0;0.00;0.00;0.00;0.0;0.0
8.069;49;1499;99;148401;96.5;13.900;0.946;25;95;17;0;100;102;100;100;100;102;224;76;76;0;5.361;5.361;0.000;0.000;12.800;0.871;26.8;0.0;300;20;3.000;4.090;12.9;-2420;0;0;0.0;0;0;0;0;39;99;0;0;1801;72.09;0;0;0;0;0;0;0;0;0;0;0;0;0;0;0;0;20;0;99.0;99.0;2;0;0.00;0.00;0.00;0.0;0.0
8.134;49;1877;98;183946;99.0;13.100;0.891;25;95;17;0;100;102;100;100;100;102;160;79;79;0;4.026;4.026;0.000;0.000;12.800;0.871;25.2;0.0;0;22;3.000;5.442;12.9;990;0;0;-0.1;0;0;0;0;39;99;0;0;1801;57.57;0;0;0;0;0;0;0;0;0;0;0;0;0;0;0;0;22;0;98.0;98.0;2;0;0.00;0.00;0.00;0.0;0.0
8.200;49;2013;64;128832;11.5;13.500;0.918;25;94;33;0;100;102;100;100;100;102;100;63;63;0;1.911;1.911;0.000;0.000;14.100;0.959;12.8;0.0;-1245;32;3.000;4.631;12.4;4610;0;0;-5.1;0;0;0;0;39;99;0;0;1801;53.68;0;0;0;0;0;0;0;0;0;0;0;0;0;0;0;0;32;0;64.0;64.0;2;0;0.00;0.00;0.00;0.0;0.0
8.266;49;2091;30;62730;0.5;15.100;1.027;25;94;33;0;100;102;100;100;100;102;100;47;47;0;1.324;1.324;0.000;0.000;15.000;1.020;9.2;0.0;-60;36;3.000;2.943;12.4;4610;0;0;-10.0;0;0;0;0;39;99;0;0;1801;51.68;0;0;0;0;0;0;0;0;0;0;0;0;0;0;0;0;36;0;30.0;30.0;2;0;0.00;0.00;0.00;0.0;0.0
8.335;49;2045;26;53170;0.0;16.300;1.109;25;94;33;0;100;102;100;100;100;102;100;44;44;0;1.267;1.267;0.000;0.000;15.000;1.020;8.6;0.0;0;36;3.000;2.711;12.4;780;0;0;-10.6;0;0;0;0;39;99;0;0;1801;52.84;0;0;0;0;0;0;0;0;0;0;0;0;0;0;0;0;36;0;26.0;26.0;2;0;0.00;0.00;0.00;0.0;0.0
8.401;49;1963;24;47112;0.0;16.100;1.095;25;94;33;0;100;102;100;100;100;102;100;42;42;0;1.244;1.244;0.000;0.000;15.000;1.020;8.1;0.0;0;35;3.000;2.517;12.4;-1280;0;0;-10.9;0;0;0;0;39;99;0;0;1801;55.05;0;0;0;0;0;0;0;0;0;0;0;0;0;0;0;0;35;0;24.0;24.0;2;0;0.00;0.00;0.00;0.0;0.0
8.470;49;1877;24;45048;0.0;15.800;1.075;25;94;33;0;100;102;100;100;100;102;100;42;42;0;1.244;1.244;0.000;0.000;15.000;1.020;7.8;0.0;0;35;3.000;2.541;12.7;-1280;0;0;-10.9;0;0;0;0;39;99;0;0;1801;57.57;0;0;0;0;0;0;0;0;0;0;0;0;0;0;0;0;35;0;24.0;24.0;2;0;0.00;0.00;0.00;0.0;0.0
8.536;49;1786;25;44650;0.0;15.700;1.068;25;94;33;0;100;102;100;100;100;102;100;42;42;0;1.251;1.251;0.000;0.000;14.900;1.014;7.4;0.0;0;35;3.000;2.449;12.7;-1770;0;0;-10.7;0;0;0;0;39;99;0;0;1801;60.50;0;0;0;0;0;0;0;0;0;0;0;0;0;0;0;0;35;0;25.0;25.0;2;0;0.00;0.00;0.00;0.0;0.0
8.601;49;1693;27;45711;0.0;15.000;1.020;25;94;33;0;100;102;100;100;100;102;100;43;43;0;1.277;1.277;0.000;0.000;14.900;1.014;7.2;0.0;0;35;3.000;2.392;12.7;-1770;0;0;-10.4;0;0;0;0;39;99;0;0;1801;63.83;0;0;0;0;0;0;0;0;0;0;0;0;0;0;0;0;35;0;27.0;27.0;2;0;0.00;0.00;0.00;0.0;0.0
8.666;49;1597;29;46313;0.0;14.700;1.000;25;94;33;0;100;102;100;100;100;102;100;44;44;0;1.297;1.297;0.000;0.000;15.000;1.020;6.9;0.0;0;34;3.000;2.437;12.9;-930;0;0;-10.2;0;0;0;0;39;99;0;0;1801;67.66;0;0;0;0;0;0;0;0;0;0;0;0;0;0;0;0;34;0;29.0;29.0;2;0;0.00;0.00;0.00;0.0;0.0
8.732;49;1511;97;146567;87.0;14.500;0.986;25;94;17;0;100;102;100;100;100;102;294;74;74;0;6.772;6.772;0.000;0.000;12.800;0.871;34.1;0.0;1260;21;3.000;1.768;12.9;-960;0;0;-0.3;0;0;0;0;39;99;0;0;1801;71.52;0;0;0;0;0;0;0;0;0;0;0;0;0;0;0;0;21;0;97.0;97.0;2;0;0.00;0.00;0.00;0.0;0.0
8.802;49;1742;99;172458;99.0;14.200;0.966;25;94;17;0;100;102;100;100;100;102;162;78;78;0;4.057;4.057;0.000;0.000;12.800;0.871;23.6;0.0;75;21;3.000;3.114;12.9;-960;0;0;0.0;0;0;0;0;39;99;0;0;1801;62.03;0;0;0;0;0;0;0;0;0;0;0;0;0;0;0;0;21;0;99.0;99.0;2;0;0.00;0.00;0.00;0.0;0.0
8.868;49;1886;158;297988;26.5;12.900;0.878;25;94;33;0;100;102;100;100;100;102;100;79;79;0;3.758;3.758;0.000;0.000;12.800;0.871;23.6;0.0;-1740;21;3.000;4.033;12.9;1450;0;0;8.6;0;0;0;0;39;99;0;0;1801;57.30;0;0;0;0;0;0;0;0;0;0;0;0;0;0;0;0;21;0;158.0;158.0;2;0;0.00;0.00;0.00;0.0;0.0
8.933;50;1880;68;127840;1.0;13.900;0.946;25;94;33;0;100;102;100;100;100;102;100;65;65;0;1.989;1.989;0.000;0.000;13.900;0.946;12.5;0.0;-150;31;3.000;2.753;13.0;1440;0;0;-4.5;0;0;0;0;39;99;0;0;1712;54.64;0;0;0;0;0;0;0;0;0;0;0;0;0;0;0;0;31;0;68.0;68.0;2;0;0.00;0.00;0.00;0.0;0.0
8.998;50;1849;33;61017;0.0;15.500;1.054;25;94;33;0;100;102;100;100;100;102;100;48;48;0;1.363;1.363;0.000;0.000;15.000;1.020;8.4;0.0;0;35;3.000;2.267;13.0;1440;0;0;-9.6;0;0;0;0;39;99;0;0;1712;55.55;0;0;0;0;0;0;0;0;0;0;0;0;0;0;0;0;35;0;33.0;33.0;2;0;0.00;0.00;0.00;0.0;0.0
9.068;50;1723;28;48244;0.0;15.100;1.027;25;94;33;0;100;102;100;100;100;102;100;43;43;0;1.285;1.285;0.000;0.000;14.900;1.014;7.4;0.0;0;34;3.000;1.618;13.0;-370;0;0;-10.3;0;0;0;0;39;99;0;0;1712;59.62;0;0;0;0;0;0;0;0;0;0;0;0;0;0;0;0;34;0;28.0;28.0;2;0;0.00;0.00;0.00;0.0;0.0
9.135;50;1631;28;45668;0.0;14.800;1.007;25;94;33;0;100;102;100;100;100;102;100;43;43;0;1.285;1.285;0.000;0.000;15.000;1.020;7.0;0.0;0;35;3.000;1.857;13.0;-1260;0;0;-10.3;0;0;0;0;39;99;0;0;1712;62.98;0;0;0;0;0;0;0;0;0;0;0;0;0;0;0;0;35;0;28.0;28.0;2;0;0.00;0.00;0.00;0.0;0.0
9.200;50;1631;29;47299;0.0;15.900;1.082;25;94;33;0;100;102;100;100;100;102;100;44;44;0;1.297;1.297;0.000;0.000;14.900;1.014;7.1;0.0;0;34;3.000;2.180;12.9;-1260;0;0;-10.2;0;0;0;0;39;99;0;0;1712;62.98;0;0;0;0;0;0;0;0;0;0;0;0;0;0;0;0;34;0;29.0;29.0;2;0;0.00;0.00;0.00;0.0;0.0
9.200;50;1534;30;46020;0.0;16.600;1.129;25;94;33;0;100;102;100;100;100;102;100;44;44;0;1.305;1.305;0.000;0.000;14.900;1.014;6.7;0.0;0;34;3.000;2.188;12.9;-1890;0;0;-10.0;0;0;0;0;39;99;0;0;1712;66.96;0;0;0;0;0;0;0;0;0;0;0;0;0;0;0;0;34;0;30.0;30.0;2;0;0.00;0.00;0.00;0.0;0.0
9.335;50;1373;31;42563;0.0;16.400;1.116;25;94;33;0;100;102;100;100;100;102;100;43;43;0;1.314;1.314;0.000;0.000;14.800;1.007;6.0;0.0;0;33;3.000;2.566;12.9;-1610;0;0;-9.9;0;0;0;0;39;99;0;0;1712;74.81;0;0;0;0;0;0;0;0;0;0;0;0;0;0;0;0;33;0;31.0;31.0;2;0;0.00;0.00;0.00;0.0;0.0
9.400;50;1282;32;41024;0.0;15.300;1.041;25;94;1;0;100;102;100;100;100;102;100;42;42;0;1.316;1.316;0.000;0.000;14.700;1.000;5.6;0.0;0;32;3.000;2.294;12.9;-1610;0;0;-9.7;0;0;0;0;39;99;0;0;1712;80.12;0;0;0;0;0;0;0;0;0;0;0;0;0;0;0;0;32;0;32.0;32.0;2;0;0.00;0.00;0.00;0.0;0.0
9.465;50;1202;34;40868;0.0;14.500;0.986;25;94;1;0;100;102;100;100;100;102;100;43;43;0;1.344;1.344;0.000;0.000;14.700;1.000;5.4;0.0;0;32;3.000;2.376;13.0;-1100;0;0;-9.4;0;0;0;0;39;99;0;0;1712;85.46;0;0;0;0;0;0;0;0;0;0;0;0;0;0;0;0;32;0;34.0;34.0;2;0;0.00;0.00;0.00;0.0;0.0
9.535;50;1146;36;41256;0.0;14.200;0.966;25;94;1;0;100;102;100;100;100;102;100;43;43;0;1.358;1.358;0.000;0.000;14.700;1.000;5.2;0.0;0;31;3.000;2.583;13.0;-1170;0;0;-9.1;0;0;0;0;39;99;0;0;1712;89.63;0;0;0;0;0;0;0;0;0;0;0;0;0;0;0;0;31;0;36.0;36.0;2;0;0.00;0.00;0.00;0.0;0.0
9.600;50;1063;37;39331;0.0;14.000;0.952;25;94;1;0;100;102;100;100;100;102;100;42;42;0;1.360;1.360;0.000;0.000;14.700;1.000;4.8;0.0;0;30;3.000;2.186;13.0;-1170;0;0;-9.0;0;0;0;0;39;99;0;0;1712;96.63;0;0;0;0;0;0;0;0;0;0;0;0;0;0;0;0;30;0;37.0;37.0;2;0;0.00;0.00;0.00;0.0;0.0
9.667;50;1037;39;40443;0.0;14.000;0.952;25;94;1;0;100;102;100;100;100;102;100;43;43;0;1.388;1.388;0.000;0.000;14.700;1.000;4.8;0.0;0;30;3.000;2.595;13.0;-920;0;0;-8.7;0;0;0;0;39;99;0;0;1712;99.05;0;0;0;0;0;0;0;0;0;0;0;0;0;0;0;0;30;0;39.0;39.0;2;0;0.00;0.00;0.00;0.0;0.0
9.736;50;995;40;39800;0.0;14.300;0.973;25;94;1;0;100;102;100;100;100;102;100;43;43;0;1.395;1.395;0.000;0.000;14.700;1.000;4.6;0.0;0;29;3.000;2.132;12.9;-590;0;0;-8.6;0;0;0;0;39;99;0;0;1712;103.24;0;0;0;0;0;0;0;0;0;0;0;0;0;0;0;0;29;0;40.0;40.0;2;0;0.00;0.00;0.00;0.0;0.0
9.802;50;944;41;38704;0.0;14.600;0.993;25;94;1;0;100;102;100;100;100;102;100;43;43;0;1.402;1.402;0.000;0.000;14.700;1.000;4.4;0.0;0;28;3.000;2.278;12.9;-590;0;0;-8.4;0;0;0;0;39;99;0;0;1712;108.81;0;0;0;0;0;0;0;0;0;0;0;0;0;0;0;0;28;0;41.0;41.0;2;0;0.00;0.00;0.00;0.0;0.0
9.868;50;923;42;38766;0.0;14.800;1.007;25;94;1;0;100;102;100;100;100;102;100;44;44;0;1.425;1.425;0.000;0.000;14.700;1.000;4.4;0.0;0;28;3.000;1.783;12.9;-510;0;0;-8.3;0;0;0;0;39;99;0;0;1712;111.29;0;0;0;0;0;0;0;0;0;0;0;0;0;0;0;0;28;0;42.0;42.0;2;0;0.00;0.00;0.00;0.0;0.0
9.937;51;953;43;40979;0.0;14.100;0.959;25;94;1;0;100;102;100;100;100;102;100;45;45;0;1.447;1.447;0.000;0.000;14.700;1.000;4.6;0.0;0;29;3.000;3.164;12.8;-100;0;0;-8.1;0;0;0;0;39;99;0;0;1847;116.29;0;0;0;0;0;0;0;0;0;0;0;0;0;0;0;0;29;0;43.0;43.0;2;0;0.00;0.00;0.00;0.0;0.0
10.002;51;932;43;40076;0.0;13.000;0.884;25;94;1;0;100;102;100;100;100;102;100;45;45;0;1.447;1.447;0.000;0.000;14.700;1.000;4.5;0.0;0;28;3.000;2.688;12.8;-100;0;0;-8.1;0;0;0;0;39;99;0;0;1847;118.91;0;0;0;0;0;0;0;0;0;0;0;0;0;0;0;0;28;0;43.0;43.0;2;0;0.00;0.00;0.00;0.0;0.0
10.068;51;889;44;39116;0.0;12.000;0.816;25;94;1;0;100;102;100;100;100;102;100;44;44;0;1.440;1.440;0.000;0.000;14.700;1.000;4.3;0.0;0;27;3.000;2.176;12.8;-210;0;0;-8.0;0;0;0;0;39;99;0;0;1847;124.66;0;0;0;0;0;0;0;0;0;0;0;0;0;0;0;0;27;0;44.0;44.0;2;0;0.00;0.00;0.00;0.0;0.0
10.137;51;896;44;39424;0.0;11.400;0.776;25;94;1;0;100;102;100;100;100;102;100;44;44;0;1.440;1.440;0.000;0.000;14.700;1.000;4.3;0.0;0;27;3.000;2.114;12.8;-170;0;0;-8.0;0;0;0;0;39;99;0;0;1847;123.68;0;0;0;0;0;0;0;0;0;0;0;0;0;0;0;0;27;0;44.0;44.0;2;0;0.00;0.00;0.00;0.0;0.0
10.203;51;925;45;41625;0.0;11.100;0.755;25;94;1;0;100;102;100;100;100;102;100;45;45;0;1.471;1.471;0.000;0.000;14.700;1.000;4.5;0.0;0;28;3.000;3.372;13.0;-170;0;0;-7.8;0;0;0;0;39;99;0;0;1847;119.81;0;0;0;0;0;0;0;0;0;0;0;0;0;0;0;0;28;0;45.0;45.0;2;0;0.00;0.00;0.00;0.0;0.0
10.268;51;924;44;40656;0.0;10.900;0.741;25;94;1;0;100;102;100;100;100;102;100;45;45;0;1.455;1.455;0.000;0.000;14.700;1.000;4.5;0.0;0;28;3.000;2.932;13.0;240;0;0;-8.0;0;0;0;0;39;99;0;0;1847;119.94;0;0;0;0;0;0;0;0;0;0;0;0;0;0;0;0;28;0;44.0;44.0;2;0;0.00;0.00;0.00;0.0;0.0
10.268;51;901;44;39644;0.0;10.900;0.741;25;94;1;0;100;102;100;100;100;102;100;44;44;0;1.440;1.440;0.000;0.000;14.700;1.000;4.3;0.0;0;27;3.000;2.335;13.0;-190;0;0;-8.0;0;0;0;0;39;99;0;0;1847;123.00;0;0;0;0;0;0;0;0;0;0;0;0;0;0;0;0;27;0;44.0;44.0;2;0;0.00;0.00;0.00;0.0;0.0
10.401;51;923;44;40612;0.0;10.900;0.741;25;94;1;0;100;102;100;100;100;102;100;45;45;0;1.455;1.455;0.000;0.000;14.700;1.000;4.5;0.0;0;28;3.000;2.802;13.0;-190;0;0;-8.0;0;0;0;0;39;99;0;0;1847;120.07;0;0;0;0;0;0;0;0;0;0;0;0;0;0;0;0;28;0;44.0;44.0;2;0;0.00;0.00;0.00;0.0;0.0
10.469;51;928;44;40832;0.0;11.000;0.748;25;94;1;0;100;102;100;100;100;102;100;45;45;0;1.455;1.455;0.000;0.000;14.700;1.000;4.5;0.0;0;28;3.000;2.870;13.1;290;0;0;-8.0;0;0;0;0;39;99;0;0;1847;119.42;0;0;0;0;0;0;0;0;0;0;0;0;0;0;0;0;28;0;44.0;44.0;2;0;0.00;0.00;0.00;0.0;0.0
10.536;51;918;43;39474;0.0;11.100;0.755;25;94;1;0;100;102;100;100;100;102;100;45;45;0;1.447;1.447;0.000;0.000;14.700;1.000;4.4;0.0;0;28;3.000;2.864;13.1;290;0;0;-8.1;0;0;0;0;39;99;0;0;1847;120.72;0;0;0;0;0;0;0;0;0;0;0;0;0;0;0;0;28;0;43.0;43.0;2;0;0.00;0.00;0.00;0.0;0.0
10.600;51;901;44;39644;0.0;11.100;0.755;25;94;1;0;100;102;100;100;100;102;100;44;44;0;1.440;1.440;0.000;0.000;14.700;1.000;4.3;0.0;0;27;3.000;2.387;13.1;-120;0;0;-8.0;0;0;0;0;39;99;0;0;1847;123.00;0;0;0;0;0;0;0;0;0;0;0;0;0;0;0;0;27;0;44.0;44.0;2;0;0.00;0.00;0.00;0.0;0.0
10.665;51;914;44;40216;0.0;11.100;0.755;25;94;1;0;100;102;100;100;100;102;100;45;45;0;1.455;1.455;0.000;0.000;14.700;1.000;4.4;0.0;0;27;3.000;3.176;13.1;-170;0;0;-8.0;0;0;0;0;39;99;0;0;1847;121.25;0;0;0;0;0;0;0;0;0;0;0;0;0;0;0;0;27;0;44.0;44.0;2;0;0.00;0.00;0.00;0.0;0.0
10.736;51;911;44;40084;0.0;11.200;0.762;25;94;1;0;100;102;100;100;100;102;100;45;45;0;1.455;1.455;0.000;0.000;14.700;1.000;4.4;0.0;0;27;3.000;2.819;13.1;-170;0;0;-8.0;0;0;0;0;39;99;0;0;1847;121.65;0;0;0;0;0;0;0;0;0;0;0;0;0;0;0;0;27;0;44.0;44.0;2;0;0.00;0.00;0.00;0.0;0.0
10.801;51;916;44;40304;0.0;11.200;0.762;25;94;1;0;100;102;100;100;100;102;100;45;45;0;1.455;1.455;0.000;0.000;14.700;1.000;4.4;0.0;0;27;3.000;3.052;13.1;100;0;0;-8.0;0;0;0;0;39;99;0;0;1847;120.98;0;0;0;0;0;0;0;0;0;0;0;0;0;0;0;0;27;0;44.0;44.0;2;0;0.00;0.00;0.00;0.0;0.0
10.801;51;925;41;37925;0.0;11.300;0.769;25;94;1;0;100;102;100;100;100;102;100;43;43;0;1.402;1.402;0.000;0.000;14.700;1.000;4.3;0.0;0;28;3.000;3.050;13.1;100;0;0;-8.4;0;0;0;0;39;99;0;0;1847;119.81;0;0;0;0;0;0;0;0;0;0;0;0;0;0;0;0;28;0;41.0;41.0;2;0;0.00;0.00;0.00;0.0;0.0
10.937;51;944;43;40592;0.0;11.300;0.769;25;94;1;0;100;102;100;100;100;102;100;45;45;0;1.447;1.447;0.000;0.000;14.700;1.000;4.6;0.0;0;29;3.000;3.373;13.1;100;0;0;-8.1;0;0;0;0;39;99;0;0;1847;117.39;0;0;0;0;0;0;0;0;0;0;0;0;0;0;0;0;29;0;43.0;43.0;2;0;0.00;0.00;0.00;0.0;0.0
11.001;52;959;43;41237;0.0;11.400;0.776;25;94;1;0;100;102;100;100;100;102;100;45;45;0;1.447;1.447;0.000;0.000;14.700;1.000;4.6;0.0;0;29;3.000;3.114;12.8;230;0;0;-8.1;0;0;0;0;39;99;0;0;1852;115.87;0;0;0;0;0;0;0;0;0;0;0;0;0;0;0;0;29;0;43.0;43.0;2;0;0.00;0.00;0.00;0.0;0.0
11.067;52;957;42;40194;0.0;11.400;0.776;25;94;1;0;100;102;100;100;100;102;100;44;44;0;1.425;1.425;0.000;0.000;14.700;1.000;4.5;0.0;0;28;3.000;2.941;12.8;130;0;0;-8.3;0;0;0;0;39;99;0;0;1852;116.11;0;0;0;0;0;0;0;0;0;0;0;0;0;0;0;0;28;0;42.0;42.0;2;0;0.00;0.00;0.00;0.0;0.0
11.132;52;949;42;39858;0.0;11.400;0.776;25;94;1;0;100;102;100;100;100;102;100;44;44;0;1.425;1.425;0.000;0.000;14.700;1.000;4.5;0.0;0;28;3.000;2.737;12.8;130;0;0;-8.3;0;0;0;0;39;99;0;0;1852;117.09;0;0;0;0;0;0;0;0;0;0;0;0;0;0;0;0;28;0;42.0;42.0;2;0;0.00;0.00;0.00;0.0;0.0
11.202;52;955;43;41065;0.0;11.400;0.776;25;94;1;0;100;102;100;100;100;102;100;45;45;0;1.457;1.457;0.000;0.000;14.700;1.000;4.6;0.0;0;28;3.030;3.212;12.0;-70;0;0;-8.1;0;0;0;0;39;99;0;0;1852;116.36;0;0;0;0;0;0;0;0;0;0;0;0;0;0;0;0;28;0;43.0;43.0;2;0;0.00;0.00;0.00;0.0;0.0
11.267;52;951;42;39942;0.0;11.500;0.782;25;94;1;0;100;102;100;100;100;102;100;44;44;0;1.435;1.435;0.000;0.000;14.700;1.000;4.5;0.0;0;28;3.030;2.805;12.0;80;0;0;-8.3;0;0;0;0;39;99;0;0;1852;116.85;0;0;0;0;0;0;0;0;0;0;0;0;0;0;0;0;28;0;42.0;42.0;2;0;0.00;0.00;0.00;0.0;0.0
11.333;52;960;42;40320;0.0;11.500;0.782;25;94;1;0;100;102;100;100;100;102;100;44;44;0;1.435;1.435;0.000;0.000;14.700;1.000;4.6;0.0;0;29;3.030;3.305;12.0;80;0;0;-8.3;0;0;0;0;39;99;0;0;1852;115.75;0;0;0;0;0;0;0;0;0;0;0;0;0;0;0;0;29;0;42.0;42.0;2;0;0.00;0.00;0.00;0.0;0.0
11.399;52;947;42;39774;0.0;11.500;0.782;25;94;1;0;100;102;100;100;100;102;100;44;44;0;1.435;1.435;0.000;0.000;14.700;1.000;4.5;0.0;0;28;3.030;2.657;12.0;20;0;0;-8.3;0;0;0;0;39;99;0;0;1852;117.34;0;0;0;0;0;0;0;0;0;0;0;0;0;0;0;0;28;0;42.0;42.0;2;0;0.00;0.00;0.00;0.0;0.0
11.463;52;954;42;40068;0.0;11.500;0.782;25;94;1;0;100;102;100;100;100;102;100;44;44;0;1.425;1.425;0.000;0.000;14.700;1.000;4.5;0.0;0;28;3.000;2.938;12.5;-60;0;0;-8.3;0;0;0;0;39;99;0;0;1852;116.48;0;0;0;0;0;0;0;0;0;0;0;0;0;0;0;0;28;0;42.0;42.0;2;0;0.00;0.00;0.00;0.0;0.0
11.534;52;940;42;39480;0.0;11.500;0.782;25;94;1;0;100;102;100;100;100;102;100;44;44;0;1.425;1.425;0.000;0.000;14.700;1.000;4.5;0.0;0;28;3.000;2.524;12.5;-60;0;0;-8.3;0;0;0;0;39;99;0;0;1852;118.21;0;0;0;0;0;0;0;0;0;0;0;0;0;0;0;0;28;0;42.0;42.0;2;0;0.00;0.00;0.00;0.0;0.0
11.600;52;957;42;40194;0.0;11.500;0.782;25;94;1;0;100;102;100;100;100;102;100;44;44;0;1.425;1.425;0.000;0.000;14.700;1.000;4.5;0.0;0;28;3.000;2.814;12.5;20;0;0;-8.3;0;0;0;0;39;99;0;0;1852;116.11;0;0;0;0;0;0;0;0;0;0;0;0;0;0;0;0;28;0;42.0;42.0;2;0;0.00;0.00;0.00;0.0;0.0
11.669;52;950;42;39900;0.0;11.500;0.782;25;94;1;0;100;102;100;100;100;102;100;44;44;0;1.425;1.425;0.000;0.000;14.700;1.000;4.5;0.0;0;28;3.000;2.800;12.5;-60;0;0;-8.3;0;0;0;0;39;99;0;0;1852;116.97;0;0;0;0;0;0;0;0;0;0;0;0;0;0;0;0;28;0;42.0;42.0;2;0;0.00;0.00;0.00;0.0;0.0
11.735;52;982;42;41244;0.0;11.400;0.776;25;94;1;0;100;102;100;100;100;102;100;44;44;0;1.425;1.425;0.000;0.000;14.700;1.000;4.7;0.0;0;29;3.000;3.080;12.8;-60;0;0;-8.3;0;0;0;0;39;99;0;0;1852;113.16;0;0;0;0;0;0;0;0;0;0;0;0;0;0;0;0;29;0;42.0;42.0;2;0;0.00;0.00;0.00;0.0;0.0
11.801;52;1003;41;41123;0.0;11.500;0.782;25;94;1;0;100;102;100;100;100;102;100;44;44;0;1.409;1.409;0.000;0.000;14.700;1.000;4.7;0.0;0;30;3.000;3.363;12.8;320;0;0;-8.4;0;0;0;0;39;99;0;0;1852;110.79;0;0;0;0;0;0;0;0;0;0;0;0;0;0;0;0;30;0;41.0;41.0;2;0;0.00;0.00;0.00;0.0;0.0
11.870;52;990;41;40590;0.0;11.500;0.782;25;94;1;0;100;102;100;100;100;102;100;44;44;0;1.409;1.409;0.000;0.000;14.700;1.000;4.6;0.0;0;29;3.000;2.663;12.8;80;0;0;-8.4;0;0;0;0;39;99;0;0;1852;112.24;0;0;0;0;0;0;0;0;0;0;0;0;0;0;0;0;29;0;41.0;41.0;2;0;0.00;0.00;0.00;0.0;0.0
11.935;52;1005;41;41205;0.0;11.400;0.776;25;94;1;0;100;102;100;100;100;102;100;44;44;0;1.409;1.409;0.000;0.000;14.700;1.000;4.7;0.0;0;30;3.000;3.307;12.8;80;0;0;-8.4;0;0;0;0;39;99;0;0;1852;110.57;0;0;0;0;0;0;0;0;0;0;0;0;0;0;0;0;30;0;41.0;41.0;2;0;0.00;0.00;0.00;0.0;0.0
12.001;53;1024;40;40960;0.0;11.400;0.776;25;94;1;0;100;102;100;100;100;102;100;44;44;0;1.402;1.402;0.000;0.000;14.700;1.000;4.8;0.0;0;30;3.000;3.097;13.0;270;0;0;-8.6;0;0;0;0;39;99;0;0;1839;107.75;0;0;0;0;0;0;0;0;0;0;0;0;0;0;0;0;30;0;40.0;40.0;2;0;0.00;0.00;0.00;0.0;0.0
12.067;53;1029;40;41160;0.0;11.600;0.789;25;94;1;0;100;102;100;100;100;102;100;44;44;0;1.402;1.402;0.000;0.000;14.700;1.000;4.8;0.0;0;30;3.000;2.817;13.0;120;0;0;-8.6;0;0;0;0;39;99;0;0;1839;107.23;0;0;0;0;0;0;0;0;0;0;0;0;0;0;0;0;30;0;40.0;40.0;2;0;0.00;0.00;0.00;0.0;0.0
12.136;53;1033;40;41320;0.0;11.600;0.789;25;94;1;0;100;102;100;100;100;102;100;44;44;0;1.402;1.402;0.000;0.000;14.700;1.000;4.8;0.0;0;30;3.000;3.020;13.0;120;0;0;-8.6;0;0;0;0;39;99;0;0;1839;106.82;0;0;0;0;0;0;0;0;0;0;0;0;0;0;0;0;30;0;40.0;40.0;2;0;0.00;0.00;0.00;0.0;0.0
12.201;53;1044;40;41760;0.0;11.500;0.782;25;94;1;0;100;102;100;100;100;102;100;44;44;0;1.402;1.402;0.000;0.000;14.700;1.000;4.9;0.0;0;30;3.000;2.886;13.0;170;0;0;-8.6;0;0;0;0;39;99;0;0;1839;105.69;0;0;0;0;0;0;0;0;0;0;0;0;0;0;0;0;30;0;40.0;40.0;2;0;0.00;0.00;0.00;0.0;0.0
12.268;53;1036;39;40404;0.0;11.500;0.782;25;94;1;0;100;102;100;100;100;102;100;43;43;0;1.388;1.388;0.000;0.000;14.700;1.000;4.8;0.0;0;30;3.000;2.565;13.1;-100;0;0;-8.7;0;0;0;0;39;99;0;0;1839;106.51;0;0;0;0;0;0;0;0;0;0;0;0;0;0;0;0;30;0;39.0;39.0;2;0;0.00;0.00;0.00;0.0;0.0
12.332;53;1024;40;40960;0.0;11.600;0.789;25;94;1;0;100;102;100;100;100;102;100;44;44;0;1.402;1.402;0.000;0.000;14.700;1.000;4.8;0.0;0;30;3.000;2.603;13.1;-100;0;0;-8.6;0;0;0;0;39;99;0;0;1839;107.75;0;0;0;0;0;0;0;0;0;0;0;0;0;0;0;0;30;0;40.0;40.0;2;0;0.00;0.00;0.00;0.0;0.0
12.399;53;1016;40;40640;0.0;11.600;0.789;25;94;1;0;100;102;100;100;100;102;100;44;44;0;1.402;1.402;0.000;0.000;14.700;1.000;4.7;0.0;0;30;3.000;2.861;13.1;-250;0;0;-8.6;0;0;0;0;39;99;0;0;1839;108.60;0;0;0;0;0;0;0;0;0;0;0;0;0;0;0;0;30;0;40.0;40.0;2;0;0.00;0.00;0.00;0.0;0.0
12.468;53;1010;40;40400;0.0;11.500;0.782;25;94;1;0;100;102;100;100;100;102;100;44;44;0;1.402;1.402;0.000;0.000;14.700;1.000;4.7;0.0;0;30;3.000;2.939;13.0;60;0;0;-8.6;0;0;0;0;39;99;0;0;1839;109.25;0;0;0;0;0;0;0;0;0;0;0;0;0;0;0;0;30;0;40.0;40.0;2;0;0.00;0.00;0.00;0.0;0.0
12.534;53;1026;40;41040;0.0;11.500;0.782;25;94;1;0;100;102;100;100;100;102;100;44;44;0;1.402;1.402;0.000;0.000;14.700;1.000;4.8;0.0;0;30;3.000;3.127;13.0;60;0;0;-8.6;0;0;0;0;39;99;0;0;1839;107.54;0;0;0;0;0;0;0;0;0;0;0;0;0;0;0;0;30;0;40.0;40.0;2;0;0.00;0.00;0.00;0.0;0.0
12.600;53;1015;40;40600;0.0;11.500;0.782;25;94;1;0;100;102;100;100;100;102;100;44;44;0;1.402;1.402;0.000;0.000;14.700;1.000;4.7;0.0;0;30;3.000;2.644;13.0;30;0;0;-8.6;0;0;0;0;39;99;0;0;1839;108.71;0;0;0;0;0;0;0;0;0;0;0;0;0;0;0;0;30;0;40.0;40.0;2;0;0.00;0.00;0.00;0.0;0.0
12.669;53;1029;40;41160;0.0;11.500;0.782;25;94;1;0;100;102;100;100;100;102;100;44;44;0;1.402;1.402;0.000;0.000;14.700;1.000;4.8;0.0;0;30;3.000;2.828;13.0;30;0;0;-8.6;0;0;0;0;39;99;0;0;1839;107.23;0;0;0;0;0;0;0;0;0;0;0;0;0;0;0;0;30;0;40.0;40.0;2;0;0.00;0.00;0.00;0.0;0.0
12.736;53;1040;40;41600;0.0;11.600;0.789;25;94;1;0;100;102;100;100;100;102;100;44;44;0;1.402;1.402;0.000;0.000;14.700;1.000;4.9;0.0;0;30;3.000;2.643;13.1;90;0;0;-8.6;0;0;0;0;39;99;0;0;1839;106.10;0;0;0;0;0;0;0;0;0;0;0;0;0;0;0;0;30;0;40.0;40.0;2;0;0.00;0.00;0.00;0.0;0.0
12.804;53;1042;40;41680;0.0;11.500;0.782;25;94;1;0;100;102;100;100;100;102;100;44;44;0;1.402;1.402;0.000;0.000;14.700;1.000;4.9;0.0;0;30;3.000;2.929;13.1;120;0;0;-8.6;0;0;0;0;39;99;0;0;1839;105.89;0;0;0;0;0;0;0;0;0;0;0;0;0;0;0;0;30;0;40.0;40.0;2;0;0.00;0.00;0.00;0.0;0.0
12.869;53;1044;39;40716;0.0;11.500;0.782;25;94;1;0;100;102;100;100;100;102;100;44;44;0;1.395;1.395;0.000;0.000;14.700;1.000;4.9;0.0;0;30;3.000;3.126;13.1;120;0;0;-8.7;0;0;0;0;39;99;0;0;1839;105.69;0;0;0;0;0;0;0;0;0;0;0;0;0;0;0;0;30;0;39.0;39.0;2;0;0.00;0.00;0.00;0.0;0.0
12.934;53;1030;39;40170;0.0;11.500;0.782;25;94;1;0;100;102;100;100;100;102;100;43;43;0;1.388;1.388;0.000;0.000;14.700;1.000;4.8;0.0;0;30;3.000;2.830;13.1;30;0;0;-8.7;0;0;0;0;39;99;0;0;1839;107.13;0;0;0;0;0;0;0;0;0;0;0;0;0;0;0;0;30;0;39.0;39.0;2;0;0.00;0.00;0.00;0.0;0.0
13.004;54;1030;40;41200;0.0;11.500;0.782;25;94;1;0;100;102;100;100;100;102;100;44;44;0;1.402;1.402;0.000;0.000;14.700;1.000;4.8;0.0;0;30;3.000;2.799;13.1;-90;0;0;-8.6;0;0;0;0;39;99;0;0;1858;108.23;0;0;0;0;0;0;0;0;0;0;0;0;0;0;0;0;30;0;40.0;40.0;2;0;0.00;0.00;0.00;0.0;0.0
13.069;54;1021;40;40840;0.0;11.500;0.782;25;94;1;0;100;102;100;100;100;102;100;44;44;0;1.402;1.402;0.000;0.000;14.700;1.000;4.8;0.0;0;30;3.000;2.682;13.1;-90;0;0;-8.6;0;0;0;0;39;99;0;0;1858;109.19;0;0;0;0;0;0;0;0;0;0;0;0;0;0;0;0;30;0;40.0;40.0;2;0;0.00;0.00;0.00;0.0;0.0
13.135;54;1022;40;40880;0.0;11.600;0.789;25;94;1;0;100;102;100;100;100;102;100;44;44;0;1.402;1.402;0.000;0.000;14.700;1.000;4.8;0.0;0;30;3.000;2.690;13.1;-140;0;0;-8.6;0;0;0;0;39;99;0;0;1858;109.08;0;0;0;0;0;0;0;0;0;0;0;0;0;0;0;0;30;0;40.0;40.0;2;0;0.00;0.00;0.00;0.0;0.0
13.201;54;1028;40;41120;0.0;11.600;0.789;25;94;1;0;100;102;100;100;100;102;100;44;44;0;1.402;1.402;0.000;0.000;14.700;1.000;4.8;0.0;0;30;3.000;2.661;13.1;-60;0;0;-8.6;0;0;0;0;39;99;0;0;1858;108.44;0;0;0;0;0;0;0;0;0;0;0;0;0;0;0;0;30;0;40.0;40.0;2;0;0.00;0.00;0.00;0.0;0.0
13.267;54;1022;40;40880;0.0;11.600;0.789;25;94;1;0;100;102;100;100;100;102;100;44;44;0;1.402;1.402;0.000;0.000;14.700;1.000;4.8;0.0;0;30;3.000;2.664;13.1;-60;0;0;-8.6;0;0;0;0;39;99;0;0;1858;109.08;0;0;0;0;0;0;0;0;0;0;0;0;0;0;0;0;30;0;40.0;40.0;2;0;0.00;0.00;0.00;0.0;0.0
13.332;54;1028;40;41120;0.0;11.500;0.782;25;94;1;0;100;102;100;100;100;102;100;44;44;0;1.402;1.402;0.000;0.000;14.700;1.000;4.8;0.0;0;30;3.000;2.966;13.1;70;0;0;-8.6;0;0;0;0;39;99;0;0;1858;108.44;0;0;0;0;0;0;0;0;0;0;0;0;0;0;0;0;30;0;40.0;40.0;2;0;0.00;0.00;0.00;0.0;0.0
13.402;54;1015;40;40600;0.0;11.500;0.782;25;94;1;0;100;102;100;100;100;102;100;44;44;0;1.402;1.402;0.000;0.000;14.700;1.000;4.7;0.0;0;30;3.000;2.683;13.1;0;0;0;-8.6;0;0;0;0;39;99;0;0;1858;109.83;0;0;0;0;0;0;0;0;0;0;0;0;0;0;0;0;30;0;40.0;40.0;2;0;0.00;0.00;0.00;0.0;0.0
13.467;54;1030;40;41200;0.0;11.500;0.782;25;94;1;0;100;102;100;100;100;102;100;44;44;0;1.402;1.402;0.000;0.000;14.700;1.000;4.8;0.0;0;30;3.000;2.979;13.1;0;0;0;-8.6;0;0;0;0;39;99;0;0;1858;108.23;0;0;0;0;0;0;0;0;0;0;0;0;0;0;0;0;30;0;40.0;40.0;2;0;0.00;0.00;0.00;0.0;0.0
13.532;54;1021;40;40840;0.0;11.500;0.782;25;94;1;0;100;102;100;100;100;102;100;44;44;0;1.402;1.402;0.000;0.000;14.700;1.000;4.8;0.0;0;30;3.000;2.655;12.9;80;0;0;-8.6;0;0;0;0;39;99;0;0;1858;109.19;0;0;0;0;0;0;0;0;0;0;0;0;0;0;0;0;30;0;40.0;40.0;2;0;0.00;0.00;0.00;0.0;0.0
13.598;54;1036;40;41440;0.0;11.500;0.782;25;94;1;0;100;102;100;100;100;102;100;44;44;0;1.402;1.402;0.000;0.000;14.700;1.000;4.8;0.0;0;30;3.000;2.987;12.9;60;0;0;-8.6;0;0;0;0;39;99;0;0;1858;107.61;0;0;0;0;0;0;0;0;0;0;0;0;0;0;0;0;30;0;40.0;40.0;2;0;0.00;0.00;0.00;0.0;0.0
13.668;54;1043;39;40677;0.0;11.600;0.789;25;94;1;0;100;102;100;100;100;102;100;44;44;0;1.395;1.395;0.000;0.000;14.700;1.000;4.8;0.0;0;30;3.000;2.760;12.9;60;0;0;-8.7;0;0;0;0;39;99;0;0;1858;106.88;0;0;0;0;0;0;0;0;0;0;0;0;0;0;0;0;30;0;39.0;39.0;2;0;0.00;0.00;0.00;0.0;0.0
13.734;54;1052;40;42080;0.0;11.700;0.796;25;94;1;0;100;102;100;100;100;102;100;44;44;0;1.402;1.402;0.000;0.000;14.700;1.000;4.9;0.0;0;30;3.000;3.018;12.9;70;0;0;-8.6;0;0;0;0;39;99;0;0;1858;105.97;0;0;0;0;0;0;0;0;0;0;0;0;0;0;0;0;30;0;40.0;40.0;2;0;0.00;0.00;0.00;0.0;0.0
13.803;54;1065;39;41535;0.0;11.600;0.789;25;94;1;0;100;102;100;100;100;102;100;44;44;0;1.395;1.395;0.000;0.000;14.700;1.000;5.0;0.0;0;30;3.000;2.983;13.0;220;0;0;-8.7;0;0;0;0;39;99;0;0;1858;104.68;0;0;0;0;0;0;0;0;0;0;0;0;0;0;0;0;30;0;39.0;39.0;2;0;0.00;0.00;0.00;0.0;0.0
13.868;54;1052;39;41028;0.0;11.600;0.789;25;94;1;0;100;102;100;100;100;102;100;43;43;0;1.388;1.388;0.000;0.000;14.700;1.000;4.9;0.0;0;30;3.000;2.913;13.0;220;0;0;-8.7;0;0;0;0;39;99;0;0;1858;105.97;0;0;0;0;0;0;0;0;0;0;0;0;0;0;0;0;30;0;39.0;39.0;2;0;0.00;0.00;0.00;0.0;0.0
13.934;54;1062;39;41418;0.0;11.700;0.796;25;94;1;0;100;102;100;100;100;102;100;44;44;0;1.395;1.395;0.000;0.000;14.700;1.000;4.9;0.0;0;30;3.000;2.846;13.0;-60;0;0;-8.7;0;0;0;0;39;99;0;0;1858;104.97;0;0;0;0;0;0;0;0;0;0;0;0;0;0;0;0;30;0;39.0;39.0;2;0;0.00;0.00;0.00;0.0;0.0
14.003;55;1068;39;41652;0.0;11.700;0.796;25;94;1;0;100;102;100;100;100;102;100;44;44;0;1.395;1.395;0.000;0.000;14.700;1.000;5.0;0.0;0;30;3.000;2.746;13.1;-10;0;0;-8.7;0;0;0;0;39;99;0;0;1858;104.38;0;0;0;0;0;0;0;0;0;0;0;0;0;0;0;0;30;0;39.0;39.0;2;0;0.00;0.00;0.00;0.0;0.0
14.069;55;1050;39;40950;0.0;11.700;0.796;25;94;1;0;100;102;100;100;100;102;100;43;43;0;1.388;1.388;0.000;0.000;14.700;1.000;4.9;0.0;0;30;3.000;2.615;13.1;-10;0;0;-8.7;0;0;0;0;39;99;0;0;1858;106.17;0;0;0;0;0;0;0;0;0;0;0;0;0;0;0;0;30;0;39.0;39.0;2;0;0.00;0.00;0.00;0.0;0.0
14.136;55;1051;39;40989;0.0;11.700;0.796;25;94;1;0;100;102;100;100;100;102;100;43;43;0;1.388;1.388;0.000;0.000;14.700;1.000;4.9;0.0;0;30;3.000;3.177;13.1;-190;0;0;-8.7;0;0;0;0;39;99;0;0;1858;106.07;0;0;0;0;0;0;0;0;0;0;0;0;0;0;0;0;30;0;39.0;39.0;2;0;0.00;0.00;0.00;0.0;0.0
14.201;55;1056;39;41184;0.0;11.700;0.796;25;94;1;0;100;102;100;100;100;102;100;43;43;0;1.388;1.388;0.000;0.000;14.700;1.000;4.9;0.0;0;30;3.000;2.886;13.1;170;0;0;-8.7;0;0;0;0;39;99;0;0;1858;105.57;0;0;0;0;0;0;0;0;0;0;0;0;0;0;0;0;30;0;39.0;39.0;2;0;0.00;0.00;0.00;0.0;0.0
14.266;55;1060;39;41340;0.0;11.800;0.803;25;94;1;0;100;102;100;100;100;102;100;43;43;0;1.388;1.388;0.000;0.000;14.700;1.000;4.9;0.0;0;30;3.000;2.771;13.1;170;0;0;-8.7;0;0;0;0;39;99;0;0;1858;105.17;0;0;0;0;0;0;0;0;0;0;0;0;0;0;0;0;30;0;39.0;39.0;2;0;0.00;0.00;0.00;0.0;0.0
14.335;55;1047;38;39786;0.0;11.700;0.796;25;94;1;0;100;102;100;100;100;102;100;43;43;0;1.381;1.381;0.000;0.000;14.700;1.000;4.8;0.0;0;30;3.000;2.748;13.1;-20;0;0;-8.8;0;0;0;0;39;99;0;0;1858;106.48;0;0;0;0;0;0;0;0;0;0;0;0;0;0;0;0;30;0;38.0;38.0;2;0;0.00;0.00;0.00;0.0;0.0
14.402;55;1055;39;41145;0.0;11.600;0.789;25;94;1;0;100;102;100;100;100;102;100;43;43;0;1.388;1.388;0.000;0.000;14.700;1.000;4.9;0.0;0;30;3.000;2.770;13.1;-10;0;0;-8.7;0;0;0;0;39;99;0;0;1858;105.67;0;0;0;0;0;0;0;0;0;0;0;0;0;0;0;0;30;0;39.0;39.0;2;0;0.00;0.00;0.00;0.0;0.0
14.470;55;1060;39;41340;0.0;11.700;0.796;25;94;1;0;100;102;100;100;100;102;100;43;43;0;1.388;1.388;0.000;0.000;14.700;1.000;4.9;0.0;0;30;3.000;3.008;13.1;-10;0;0;-8.7;0;0;0;0;39;99;0;0;1858;105.17;0;0;0;0;0;0;0;0;0;0;0;0;0;0;0;0;30;0;39.0;39.0;2;0;0.00;0.00;0.00;0.0;0.0
14.536;55;1067;39;41613;0.0;11.700;0.796;25;94;1;0;100;102;100;100;100;102;100;44;44;0;1.395;1.395;0.000;0.000;14.700;1.000;5.0;0.0;0;30;3.000;2.912;13.1;120;0;0;-8.7;0;0;0;0;39;99;0;0;1858;104.48;0;0;0;0;0;0;0;0;0;0;0;0;0;0;0;0;30;0;39.0;39.0;2;0;0.00;0.00;0.00;0.0;0.0
14.601;55;1070;38;40660;0.0;11.600;0.789;25;94;1;0;100;102;100;100;100;102;100;43;43;0;1.381;1.381;0.000;0.000;14.700;1.000;4.9;0.0;0;30;3.000;3.002;13.1;50;0;0;-8.8;0;0;0;0;39;99;0;0;1858;104.19;0;0;0;0;0;0;0;0;0;0;0;0;0;0;0;0;30;0;38.0;38.0;2;0;0.00;0.00;0.00;0.0;0.0
14.667;55;1061;38;40318;0.0;11.600;0.789;25;94;1;0;100;102;100;100;100;102;100;43;43;0;1.381;1.381;0.000;0.000;14.700;1.000;4.9;0.0;0;30;3.000;2.667;13.1;50;0;0;-8.8;0;0;0;0;39;99;0;0;1858;105.07;0;0;0;0;0;0;0;0;0;0;0;0;0;0;0;0;30;0;38.0;38.0;2;0;0.00;0.00;0.00;0.0;0.0
14.736;55;1064;39;41496;0.0;11.600;0.789;25;94;1;0;100;102;100;100;100;102;100;44;44;0;1.395;1.395;0.000;0.000;14.700;1.000;4.9;0.0;0;30;3.000;2.835;13.1;-60;0;0;-8.7;0;0;0;0;39;99;0;0;1858;104.77;0;0;0;0;0;0;0;0;0;0;0;0;0;0;0;0;30;0;39.0;39.0;2;0;0.00;0.00;0.00;0.0;0.0
14.803;55;1078;38;40964;0.0;11.700;0.796;25;94;1;0;100;102;100;100;100;102;100;43;43;0;1.381;1.381;0.000;0.000;14.700;1.000;5.0;0.0;0;31;3.000;2.790;13.1;-60;0;0;-8.8;0;0;0;0;39;99;0;0;1858;103.41;0;0;0;0;0;0;0;0;0;0;0;0;0;0;0;0;31;0;38.0;38.0;2;0;0.00;0.00;0.00;0.0;0.0
14.868;55;1070;39;41730;0.0;11.600;0.789;25;94;1;0;100;102;100;100;100;102;100;44;44;0;1.395;1.395;0.000;0.000;14.700;1.000;5.0;0.0;0;30;3.000;2.657;13.1;140;0;0;-8.7;0;0;0;0;39;99;0;0;1858;104.19;0;0;0;0;0;0;0;0;0;0;0;0;0;0;0;0;30;0;39.0;39.0;2;0;0.00;0.00;0.00;0.0;0.0
14.934;55;1075;38;40850;0.0;11.700;0.796;25;94;1;0;100;102;100;100;100;102;100;43;43;0;1.381;1.381;0.000;0.000;14.700;1.000;4.9;0.0;0;30;3.000;2.979;13.1;-100;0;0;-8.8;0;0;0;0;39;99;0;0;1858;103.70;0;0;0;0;0;0;0;0;0;0;0;0;0;0;0;0;30;0;38.0;38.0;2;0;0.00;0.00;0.00;0.0;0.0
15.003;55;1079;38;41002;0.0;11.700;0.796;25;94;1;0;100;102;100;100;100;102;100;43;43;0;1.381;1.381;0.000;0.000;14.700;1.000;5.0;0.0;0;30;3.000;2.603;13.1;-100;0;0;-8.8;0;0;0;0;39;99;0;0;1858;103.32;0;0;0;0;0;0;0;0;0;0;0;0;0;0;0;0;30;0;38.0;38.0;2;0;0.00;0.00;0.00;0.0;0.0
15.069;56;1089;38;41382;0.0;11.700;0.796;25;94;1;0;100;102;100;100;100;102;100;44;44;0;1.387;1.387;0.000;0.000;14.700;1.000;5.0;0.0;0;31;3.000;3.044;13.1;110;0;0;-8.8;0;0;0;0;39;99;0;0;1850;101.93;0;0;0;0;0;0;0;0;0;0;0;0;0;0;0;0;31;0;38.0;38.0;2;0;0.00;0.00;0.00;0.0;0.0
15.134;56;1078;38;40964;0.0;11.700;0.796;25;94;1;0;100;102;100;100;100;102;100;43;43;0;1.381;1.381;0.000;0.000;14.700;1.000;5.0;0.0;0;31;3.000;2.474;13.1;-100;0;0;-8.8;0;0;0;0;39;99;0;0;1850;102.97;0;0;0;0;0;0;0;0;0;0;0;0;0;0;0;0;31;0;38.0;38.0;2;0;0.00;0.00;0.00;0.0;0.0
15.199;56;1075;38;40850;0.0;11.700;0.796;25;94;1;0;100;102;100;100;100;102;100;43;43;0;1.381;1.381;0.000;0.000;14.700;1.000;4.9;0.0;0;30;3.000;2.843;13.1;-100;0;0;-8.8;0;0;0;0;39;99;0;0;1850;103.26;0;0;0;0;0;0;0;0;0;0;0;0;0;0;0;0;30;0;38.0;38.0;2;0;0.00;0.00;0.00;0.0;0.0
15.268;56;1084;38;41192;0.0;11.800;0.803;25;94;1;0;100;102;100;100;100;102;100;43;43;0;1.381;1.381;0.000;0.000;14.700;1.000;5.0;0.0;0;31;3.000;3.246;13.0;60;0;0;-8.8;0;0;0;0;39;99;0;0;1850;102.40;0;0;0;0;0;0;0;0;0;0;0;0;0;0;0;0;31;0;38.0;38.0;2;0;0.00;0.00;0.00;0.0;0.0
15.334;56;1064;38;40432;0.0;11.600;0.789;25;94;1;0;100;102;100;100;100;102;100;43;43;0;1.381;1.381;0.000;0.000;14.700;1.000;4.9;0.0;0;30;3.000;2.607;13.0;-20;0;0;-8.8;0;0;0;0;39;99;0;0;1850;104.32;0;0;0;0;0;0;0;0;0;0;0;0;0;0;0;0;30;0;38.0;38.0;2;0;0.00;0.00;0.00;0.0;0.0
15.401;56;1081;38;41078;0.0;11.700;0.796;25;94;1;0;100;102;100;100;100;102;100;43;43;0;1.381;1.381;0.000;0.000;14.700;1.000;5.0;0.0;0;31;3.000;3.179;13.0;-20;0;0;-8.8;0;0;0;0;39;99;0;0;1850;102.68;0;0;0;0;0;0;0;0;0;0;0;0;0;0;0;0;31;0;38.0;38.0;2;0;0.00;0.00;0.00;0.0;0.0
15.467;56;1080;38;41040;0.0;11.700;0.796;25;94;1;0;100;102;100;100;100;102;100;43;43;0;1.381;1.381;0.000;0.000;14.700;1.000;5.0;0.0;0;30;3.000;2.556;13.0;70;0;0;-8.8;0;0;0;0;39;99;0;0;1850;102.78;0;0;0;0;0;0;0;0;0;0;0;0;0;0;0;0;30;0;38.0;38.0;2;0;0.00;0.00;0.00;0.0;0.0
15.536;56;1082;38;41116;0.0;11.600;0.789;25;94;1;0;100;102;100;100;100;102;100;43;43;0;1.381;1.381;0.000;0.000;14.700;1.000;5.0;0.0;0;31;3.000;3.173;12.8;-50;0;0;-8.8;0;0;0;0;39;99;0;0;1850;102.59;0;0;0;0;0;0;0;0;0;0;0;0;0;0;0;0;31;0;38.0;38.0;2;0;0.00;0.00;0.00;0.0;0.0
15.600;56;1089;38;41382;0.0;11.600;0.789;25;94;1;0;100;102;100;100;100;102;100;44;44;0;1.387;1.387;0.000;0.000;14.700;1.000;5.0;0.0;0;31;3.000;3.195;12.8;-50;0;0;-8.8;0;0;0;0;39;99;0;0;1850;101.93;0;0;0;0;0;0;0;0;0;0;0;0;0;0;0;0;31;0;38.0;38.0;2;0;0.00;0.00;0.00;0.0;0.0
15.667;56;1066;38;40508;0.0;11.600;0.789;25;94;1;0;100;102;100;100;100;102;100;43;43;0;1.381;1.381;0.000;0.000;14.700;1.000;4.9;0.0;0;30;3.000;2.453;12.8;90;0;0;-8.8;0;0;0;0;39;99;0;0;1850;104.13;0;0;0;0;0;0;0;0;0;0;0;0;0;0;0;0;30;0;38.0;38.0;2;0;0.00;0.00;0.00;0.0;0.0
15.732;56;1080;38;41040;0.0;11.600;0.789;25;94;1;0;100;102;100;100;100;102;100;43;43;0;1.381;1.381;0.000;0.000;14.700;1.000;5.0;0.0;0;30;3.000;2.895;12.8;-40;0;0;-8.8;0;0;0;0;39;99;0;0;1850;102.78;0;0;0;0;0;0;0;0;0;0;0;0;0;0;0;0;30;0;38.0;38.0;2;0;0.00;0.00;0.00;0.0;0.0
15.802;56;1089;38;41382;0.0;11.700;0.796;25;94;1;0;100;102;100;100;100;102;100;44;44;0;1.387;1.387;0.000;0.000;14.700;1.000;5.0;0.0;0;31;3.000;2.799;12.9;-40;0;0;-8.8;0;0;0;0;39;99;0;0;1850;101.93;0;0;0;0;0;0;0;0;0;0;0;0;0;0;0;0;31;0;38.0;38.0;2;0;0.00;0.00;0.00;0.0;0.0
15.868;56;1084;38;41192;0.0;11.700;0.796;25;94;1;0;100;102;100;100;100;102;100;43;43;0;1.381;1.381;0.000;0.000;14.700;1.000;5.0;0.0;0;31;3.000;2.892;12.9;90;0;0;-8.8;0;0;0;0;39;99;0;0;1850;102.40;0;0;0;0;0;0;0;0;0;0;0;0;0;0;0;0;31;0;38.0;38.0;2;0;0.00;0.00;0.00;0.0;0.0
15.937;56;1069;38;40622;0.0;11.700;0.796;25;94;1;0;100;102;100;100;100;102;100;43;43;0;1.381;1.381;0.000;0.000;14.700;1.000;4.9;0.0;0;30;3.000;3.157;12.9;-70;0;0;-8.8;0;0;0;0;39;99;0;0;1850;103.84;0;0;0;0;0;0;0;0;0;0;0;0;0;0;0;0;30;0;38.0;38.0;2;0;0.00;0.00;0.00;0.0;0.0
16.002;56;1051;38;39938;0.0;11.700;0.796;25;94;1;0;100;102;100;100;100;102;100;43;43;0;1.381;1.381;0.000;0.000;14.700;1.000;4.8;0.0;0;30;3.000;2.726;12.9;-70;0;0;-8.8;0;0;0;0;39;99;0;0;1850;105.61;0;0;0;0;0;0;0;0;0;0;0;0;0;0;0;0;30;0;38.0;38.0;2;0;0.00;0.00;0.00;0.0;0.0
16.069;57;1066;38;40508;0.0;11.700;0.796;25;94;1;0;100;102;100;100;100;102;100;43;43;0;1.381;1.381;0.000;0.000;14.700;1.000;4.9;0.0;0;30;3.000;2.988;13.0;-220;0;0;-8.8;0;0;0;0;39;99;0;0;1854;104.35;0;0;0;0;0;0;0;0;0;0;0;0;0;0;0;0;30;0;38.0;38.0;2;0;0.00;0.00;0.00;0.0;0.0
16.137;57;1066;38;40508;0.0;11.600;0.789;25;94;1;0;100;102;100;100;100;102;100;43;43;0;1.381;1.381;0.000;0.000;14.700;1.000;4.9;0.0;0;30;3.000;2.628;13.0;10;0;0;-8.8;0;0;0;0;39;99;0;0;1854;104.35;0;0;0;0;0;0;0;0;0;0;0;0;0;0;0;0;30;0;38.0;38.0;2;0;0.00;0.00;0.00;0.0;0.0
16.137;57;1052;39;41028;0.0;11.700;0.796;25;94;1;0;100;102;100;100;100;102;100;43;43;0;1.388;1.388;0.000;0.000;14.700;1.000;4.9;0.0;0;30;3.000;2.718;13.0;10;0;0;-8.7;0;0;0;0;39;99;0;0;1854;105.74;0;0;0;0;0;0;0;0;0;0;0;0;0;0;0;0;30;0;39.0;39.0;2;0;0.00;0.00;0.00;0.0;0.0
16.269;57;1068;38;40584;0.0;11.700;0.796;25;94;1;0;100;102;100;100;100;102;100;43;43;0;1.381;1.381;0.000;0.000;14.700;1.000;4.9;0.0;0;30;3.000;3.127;13.0;-110;0;0;-8.8;0;0;0;0;39;99;0;0;1854;104.16;0;0;0;0;0;0;0;0;0;0;0;0;0;0;0;0;30;0;38.0;38.0;2;0;0.00;0.00;0.00;0.0;0.0
16.335;57;1076;38;40888;0.0;11.700;0.796;25;94;1;0;100;102;100;100;100;102;100;43;43;0;1.381;1.381;0.000;0.000;14.700;1.000;5.0;0.0;0;30;3.000;3.071;13.0;360;0;0;-8.8;0;0;0;0;39;99;0;0;1854;103.38;0;0;0;0;0;0;0;0;0;0;0;0;0;0;0;0;30;0;38.0;38.0;2;0;0.00;0.00;0.00;0.0;0.0
16.404;57;1071;38;40698;0.0;11.600;0.789;25;94;1;0;100;102;100;100;100;102;100;43;43;0;1.381;1.381;0.000;0.000;14.700;1.000;4.9;0.0;0;30;3.000;2.681;13.0;360;0;0;-8.8;0;0;0;0;39;99;0;0;1854;103.87;0;0;0;0;0;0;0;0;0;0;0;0;0;0;0;0;30;0;38.0;38.0;2;0;0.00;0.00;0.00;0.0;0.0
16.469;57;1073;38;40774;0.0;11.600;0.789;25;94;1;0;100;102;100;100;100;102;100;43;43;0;1.381;1.381;0.000;0.000;14.700;1.000;4.9;0.0;0;30;3.000;2.803;13.0;-130;0;0;-8.8;0;0;0;0;39;99;0;0;1854;103.67;0;0;0;0;0;0;0;0;0;0;0;0;0;0;0;0;30;0;38.0;38.0;2;0;0.00;0.00;0.00;0.0;0.0
16.534;57;1094;38;41572;0.0;11.700;0.796;25;94;1;0;100;102;100;100;100;102;100;44;44;0;1.387;1.387;0.000;0.000;14.700;1.000;5.1;0.0;0;30;3.000;2.940;13.1;210;0;0;-8.8;0;0;0;0;39;99;0;0;1854;101.68;0;0;0;0;0;0;0;0;0;0;0;0;0;0;0;0;30;0;38.0;38.0;2;0;0.00;0.00;0.00;0.0;0.0
16.600;57;1103;37;40811;0.0;11.800;0.803;25;94;1;0;100;102;100;100;100;102;100;43;43;0;1.365;1.365;0.000;0.000;14.700;1.000;5.0;0.0;0;30;3.000;3.147;13.1;210;0;0;-9.0;0;0;0;0;39;99;0;0;1854;100.85;0;0;0;0;0;0;0;0;0;0;0;0;0;0;0;0;30;0;37.0;37.0;2;0;0.00;0.00;0.00;0.0;0.0
16.665;57;1077;37;39849;0.0;11.700;0.796;25;94;1;0;100;102;100;100;100;102;100;42;42;0;1.360;1.360;0.000;0.000;14.700;1.000;4.9;0.0;0;30;3.000;2.684;13.1;20;0;0;-9.0;0;0;0;0;39;99;0;0;1854;103.29;0;0;0;0;0;0;0;0;0;0;0;0;0;0;0;0;30;0;37.0;37.0;2;0;0.00;0.00;0.00;0.0;0.0
16.735;57;1097;37;40589;0.0;11.800;0.803;25;94;1;0;100;102;100;100;100;102;100;43;43;0;1.365;1.365;0.000;0.000;14.700;1.000;5.0;0.0;0;30;3.000;3.053;13.1;10;0;0;-9.0;0;0;0;0;39;99;0;0;1854;101.40;0;0;0;0;0;0;0;0;0;0;0;0;0;0;0;0;30;0;37.0;37.0;2;0;0.00;0.00;0.00;0.0;0.0
16.805;57;1108;37;40996;0.0;11.800;0.803;25;94;1;0;100;102;100;100;100;102;100;43;43;0;1.365;1.365;0.000;0.000;14.700;1.000;5.0;0.0;0;30;3.000;2.737;13.1;10;0;0;-9.0;0;0;0;0;39;99;0;0;1854;100.40;0;0;0;0;0;0;0;0;0;0;0;0;0;0;0;0;30;0;37.0;37.0;2;0;0.00;0.00;0.00;0.0;0.0
16.871;57;1098;37;40626;0.0;11.800;0.803;25;94;1;0;100;102;100;100;100;102;100;43;43;0;1.365;1.365;0.000;0.000;14.700;1.000;5.0;0.0;0;31;3.000;2.894;13.1;70;0;0;-9.0;0;0;0;0;39;99;0;0;1854;101.31;0;0;0;0;0;0;0;0;0;0;0;0;0;0;0;0;31;0;37.0;37.0;2;0;0.00;0.00;0.00;0.0;0.0
16.936;57;1088;37;40256;0.0;11.700;0.796;25;94;1;0;100;102;100;100;100;102;100;43;43;0;1.365;1.365;0.000;0.000;14.700;1.000;5.0;0.0;0;30;3.000;2.907;13.1;70;0;0;-9.0;0;0;0;0;39;99;0;0;1854;102.24;0;0;0;0;0;0;0;0;0;0;0;0;0;0;0;0;30;0;37.0;37.0;2;0;0.00;0.00;0.00;0.0;0.0
17.001;57;1090;37;40330;0.0;11.700;0.796;25;94;1;0;100;102;100;100;100;102;100;43;43;0;1.365;1.365;0.000;0.000;14.700;1.000;5.0;0.0;0;31;3.000;2.988;13.1;-160;0;0;-9.0;0;0;0;0;39;99;0;0;1854;102.06;0;0;0;0;0;0;0;0;0;0;0;0;0;0;0;0;31;0;37.0;37.0;2;0;0.00;0.00;0.00;0.0;0.0
17.067;58;1101;37;40737;0.0;11.700;0.796;25;94;1;0;100;102;100;100;100;102;100;43;43;0;1.365;1.365;0.000;0.000;14.700;1.000;5.0;0.0;0;30;3.000;2.876;12.9;130;0;0;-9.0;0;0;0;0;39;99;0;0;1855;101.09;0;0;0;0;0;0;0;0;0;0;0;0;0;0;0;0;30;0;37.0;37.0;2;0;0.00;0.00;0.00;0.0;0.0